t,alpha,w,h,ring,horns,eyes,copy,drain,line,tilt,turn,squash,wink,shut,horn_lag,frame
0,0.000000,0,4,0.000000,0.000000,0.000000,0.000000,1.000000,1.000000,0.000000,0.000000,1.000000,0.000000,0.000000,0.000000,0
4,0.005572,13,4,0.000000,0.000000,0.000000,0.000000,1.000000,1.000000,0.000000,0.000000,1.000000,0.000000,0.000000,0.000000,0
8,0.023902,26,4,0.000000,0.000000,0.000000,0.000000,1.000000,1.000000,0.000000,0.000000,1.000000,0.000000,0.000000,0.000000,0
12,0.057722,39,4,0.000000,0.000000,0.000000,0.000000,1.000000,1.000000,0.000000,0.000000,1.000000,0.000000,0.000000,0.000000,0
16,0.109868,52,4,0.000000,0.000000,0.000000,0.000000,1.000000,1.000000,0.000000,0.000000,1.000000,0.000000,0.000000,0.000000,0
20,0.182259,65,4,0.000000,0.000000,0.000000,0.000000,1.000000,1.000000,0.000000,0.000000,1.000000,0.000000,0.000000,0.000000,0
24,0.273871,77,4,0.000000,0.000000,0.000000,0.000000,1.000000,1.000000,0.000000,0.000000,1.000000,0.000000,0.000000,0.000000,0
28,0.378725,89,4,0.000000,0.000000,0.000000,0.000000,1.000000,1.000000,0.000000,0.000000,1.000000,0.000000,0.000000,0.000000,0
32,0.486784,101,4,0.000000,0.000000,0.000000,0.000000,1.000000,1.000000,0.000000,0.000000,1.000000,0.000000,0.000000,0.000000,0
36,0.588418,113,4,0.000000,0.000000,0.000000,0.000000,1.000000,1.000000,0.000000,0.000000,1.000000,0.000000,0.000000,0.000000,0
40,0.677973,124,4,0.000000,0.000000,0.000000,0.000000,1.000000,1.000000,0.000000,0.000000,1.000000,0.000000,0.000000,0.000000,0
44,0.753738,134,4,0.000000,0.000000,0.000000,0.000000,1.000000,1.000000,0.000000,0.000000,1.000000,0.000000,0.000000,0.000000,0
48,0.816248,145,4,0.000000,0.000000,0.000000,0.000000,1.000000,1.000000,0.000000,0.000000,1.000000,0.000000,0.000000,0.000000,0
52,0.866907,154,4,0.000000,0.000000,0.000000,0.000000,1.000000,1.000000,0.000000,0.000000,1.000000,0.000000,0.000000,0.000000,0
56,0.907271,164,4,0.000000,0.000000,0.000000,0.000000,1.000000,1.000000,0.000000,0.000000,1.000000,0.000000,0.000000,0.000000,0
60,0.938773,173,4,0.000000,0.000000,0.000000,0.000000,1.000000,1.000000,0.000000,0.000000,1.000000,0.000000,0.000000,0.000000,0
64,0.962647,181,4,0.000000,0.000000,0.000000,0.000000,1.000000,1.000000,0.000000,0.000000,1.000000,0.000000,0.000000,0.000000,0
68,0.979922,189,4,0.000000,0.000000,0.000000,0.000000,1.000000,1.000000,0.000000,0.000000,1.000000,0.000000,0.000000,0.000000,0
72,0.991453,197,4,0.000000,0.000000,0.000000,0.000000,1.000000,1.000000,0.000000,0.000000,1.000000,0.000000,0.000000,0.000000,0
76,0.997949,204,4,0.000000,0.000000,0.000000,0.000000,1.000000,1.000000,0.000000,0.000000,1.000000,0.000000,0.000000,0.000000,0
80,1.000000,210,4,0.000000,0.000000,0.000000,0.000000,1.000000,1.000000,0.000000,0.000000,1.000000,0.000000,0.000000,0.000000,0
84,1.000000,217,4,0.000000,0.000000,0.000000,0.000000,1.000000,1.000000,0.000000,0.000000,1.000000,0.000000,0.000000,0.000000,0
88,1.000000,223,4,0.000000,0.000000,0.000000,0.000000,1.000000,1.000000,0.000000,0.000000,1.000000,0.000000,0.000000,0.000000,0
92,1.000000,229,4,0.000000,0.000000,0.000000,0.000000,1.000000,1.000000,0.000000,0.000000,1.000000,0.000000,0.000000,0.000000,0
96,1.000000,234,4,0.000000,0.000000,0.000000,0.000000,1.000000,1.000000,0.000000,0.000000,1.000000,0.000000,0.000000,0.000000,0
100,1.000000,239,4,0.000000,0.000000,0.000000,0.000000,1.000000,1.000000,0.000000,0.000000,1.000000,0.000000,0.000000,0.000000,0
104,1.000000,244,4,0.000000,0.000000,0.000000,0.000000,1.000000,1.000000,0.000000,0.000000,1.000000,0.000000,0.000000,0.000000,0
108,1.000000,248,4,0.000000,0.000000,0.000000,0.000000,1.000000,1.000000,0.000000,0.000000,1.000000,0.000000,0.000000,0.000000,0
112,1.000000,253,4,0.000000,0.000000,0.000000,0.000000,1.000000,1.000000,0.000000,0.000000,1.000000,0.000000,0.000000,0.000000,0
116,1.000000,257,4,0.000000,0.000000,0.000000,0.000000,1.000000,1.000000,0.000000,0.000000,1.000000,0.000000,0.000000,0.000000,0
120,1.000000,260,4,0.000000,0.000000,0.000000,0.000000,1.000000,1.000000,0.000000,0.000000,1.000000,0.000000,0.000000,0.000000,0
124,1.000000,264,4,0.000000,0.000000,0.000000,0.000000,1.000000,1.000000,0.000000,0.000000,1.000000,0.000000,0.000000,0.000000,0
128,1.000000,267,4,0.000000,0.000000,0.000000,0.000000,1.000000,1.000000,0.000000,0.000000,1.000000,0.000000,0.000000,0.000000,0
132,1.000000,270,4,0.000000,0.000000,0.000000,0.000000,1.000000,1.000000,0.000000,0.000000,1.000000,0.000000,0.000000,0.000000,0
136,1.000000,273,4,0.000000,0.000000,0.000000,0.000000,1.000000,1.000000,0.000000,0.000000,1.000000,0.000000,0.000000,0.000000,0
140,1.000000,276,4,0.000000,0.000000,0.000000,0.000000,1.000000,1.000000,0.000000,0.000000,1.000000,0.000000,0.000000,0.000000,0
144,1.000000,279,4,0.000000,0.000000,0.000000,0.000000,1.000000,1.000000,0.000000,0.000000,1.000000,0.000000,0.000000,0.000000,0
148,1.000000,281,4,0.000000,0.000000,0.000000,0.000000,1.000000,1.000000,0.000000,0.000000,1.000000,0.000000,0.000000,0.000000,0
152,1.000000,284,4,0.000000,0.000000,0.000000,0.000000,1.000000,1.000000,0.000000,0.000000,1.000000,0.000000,0.000000,0.000000,0
156,1.000000,286,4,0.000000,0.000000,0.000000,0.000000,1.000000,1.000000,0.000000,0.000000,1.000000,0.000000,0.000000,0.000000,0
160,1.000000,288,4,0.000000,0.000000,0.000000,0.000000,1.000000,1.000000,0.000000,0.000000,1.000000,0.000000,0.000000,0.000000,0
164,1.000000,290,4,0.000000,0.000000,0.000000,0.000000,1.000000,1.000000,0.000000,0.000000,1.000000,0.000000,0.000000,0.000000,0
168,1.000000,291,4,0.000000,0.000000,0.000000,0.000000,1.000000,1.000000,0.000000,0.000000,1.000000,0.000000,0.000000,0.000000,0
172,1.000000,293,4,0.000000,0.000000,0.000000,0.000000,1.000000,1.000000,0.000000,0.000000,1.000000,0.000000,0.000000,0.000000,0
176,1.000000,295,4,0.000000,0.000000,0.000000,0.000000,1.000000,1.000000,0.000000,0.000000,1.000000,0.000000,0.000000,0.000000,0
180,1.000000,296,4,0.000000,0.000000,0.000000,0.000000,1.000000,1.000000,0.000000,0.000000,1.000000,0.000000,0.000000,0.000000,0
184,1.000000,297,4,0.000000,0.000000,0.000000,0.000000,1.000000,1.000000,0.000000,0.000000,1.000000,0.000000,0.000000,0.000000,0
188,1.000000,299,4,0.000000,0.000000,0.000000,0.000000,1.000000,1.000000,0.000000,0.000000,1.000000,0.000000,0.000000,0.000000,0
192,1.000000,300,4,0.000000,0.000000,0.000000,0.000000,1.000000,1.000000,0.000000,0.000000,1.000000,0.000000,0.000000,0.000000,0
196,1.000000,301,4,0.000000,0.000000,0.000000,0.000000,1.000000,1.000000,0.000000,0.000000,1.000000,0.000000,0.000000,0.000000,0
200,1.000000,302,4,0.000000,0.000000,0.000000,0.000000,1.000000,1.000000,0.000000,0.000000,1.000000,0.000000,0.000000,0.000000,0
204,1.000000,303,4,0.000000,0.000000,0.000000,0.000000,1.000000,1.000000,0.000000,0.000000,1.000000,0.000000,0.000000,0.000000,0
208,1.000000,303,4,0.000000,0.000000,0.000000,0.000000,1.000000,1.000000,0.000000,0.000000,1.000000,0.000000,0.000000,0.000000,0
212,1.000000,304,4,0.000000,0.000000,0.000000,0.000000,1.000000,1.000000,0.000000,0.000000,1.000000,0.000000,0.000000,0.000000,0
216,1.000000,305,4,0.000000,0.000000,0.000000,0.000000,1.000000,1.000000,0.000000,0.000000,1.000000,0.000000,0.000000,0.000000,0
220,1.000000,305,4,0.000000,0.000000,0.000000,0.000000,1.000000,1.000000,0.000000,0.000000,1.000000,0.000000,0.000000,0.000000,0
224,1.000000,306,4,0.000000,0.000000,0.000000,0.000000,1.000000,1.000000,0.000000,0.000000,1.000000,0.000000,0.000000,0.000000,0
228,1.000000,306,4,0.000000,0.000000,0.000000,0.000000,1.000000,1.000000,0.000000,0.000000,1.000000,0.000000,0.000000,0.000000,0
232,1.000000,307,4,0.000000,0.000000,0.000000,0.000000,1.000000,1.000000,0.000000,0.000000,1.000000,0.000000,0.000000,0.000000,0
236,1.000000,307,4,0.000000,0.000000,0.000000,0.000000,1.000000,1.000000,0.000000,0.000000,1.000000,0.000000,0.000000,0.000000,0
240,1.000000,307,4,0.000000,0.000000,0.000000,0.000000,1.000000,1.000000,0.000000,0.000000,1.000000,0.000000,0.000000,0.000000,0
244,1.000000,308,4,0.000000,0.000000,0.000000,0.000000,1.000000,1.000000,0.000000,0.000000,1.000000,0.000000,0.000000,0.000000,0
248,1.000000,308,4,0.000000,0.000000,0.000000,0.000000,1.000000,1.000000,0.000000,0.000000,1.000000,0.000000,0.000000,0.000000,0
252,1.000000,308,4,0.000000,0.000000,0.000000,0.000000,1.000000,1.000000,0.000000,0.000000,1.000000,0.000000,0.000000,0.000000,0
256,1.000000,308,4,0.000000,0.000000,0.000000,0.000000,1.000000,1.000000,0.000000,0.000000,1.000000,0.000000,0.000000,0.000000,0
260,1.000000,308,4,0.000000,0.000000,0.000000,0.000000,1.000000,1.000000,0.000000,0.000000,1.000000,0.000000,0.000000,0.000000,0
264,1.000000,308,4,0.000000,0.000000,0.000000,0.000000,1.000000,1.000000,0.000000,0.000000,1.000000,0.000000,0.000000,0.000000,0
268,1.000000,308,4,0.000000,0.000000,0.000000,0.000000,1.000000,1.000000,0.000000,0.000000,1.000000,0.000000,0.000000,0.000000,0
272,1.000000,308,4,0.000000,0.000000,0.000000,0.000000,1.000000,1.000000,0.000000,0.000000,1.000000,0.000000,0.000000,0.000000,0
276,1.000000,308,4,0.000000,0.000000,0.000000,0.000000,1.000000,1.000000,0.000000,0.000000,1.000000,0.000000,0.000000,0.000000,0
280,1.000000,308,4,0.000000,0.000000,0.000000,0.000000,1.000000,1.000000,0.000000,0.000000,1.000000,0.000000,0.000000,0.000000,0
284,1.000000,308,4,0.000000,0.000000,0.000000,0.000000,1.000000,1.000000,0.000000,0.000000,1.000000,0.000000,0.000000,0.000000,0
288,1.000000,308,4,0.000000,0.000000,0.000000,0.000000,1.000000,1.000000,0.000000,0.000000,1.000000,0.000000,0.000000,0.000000,0
292,1.000000,308,4,0.000000,0.000000,0.000000,0.000000,1.000000,1.000000,0.000000,0.000000,1.000000,0.000000,0.000000,0.000000,0
296,1.000000,308,4,0.000000,0.000000,0.000000,0.000000,1.000000,1.000000,0.000000,0.000000,1.000000,0.000000,0.000000,0.000000,0
300,1.000000,308,4,0.000000,0.000000,0.000000,0.000000,1.000000,1.000000,0.000000,0.000000,1.000000,0.000000,0.000000,0.000000,0
304,1.000000,308,4,0.000000,0.000000,0.000000,0.000000,1.000000,1.000000,0.000000,0.000000,1.000000,0.000000,0.000000,0.000000,0
308,1.000000,308,4,0.000000,0.000000,0.000000,0.000000,1.000000,1.000000,0.000000,0.000000,1.000000,0.000000,0.000000,0.000000,0
312,1.000000,308,4,0.000000,0.000000,0.000000,0.000000,1.000000,1.000000,0.000000,0.000000,1.000000,0.000000,0.000000,0.000000,0
316,1.000000,308,4,0.000000,0.000000,0.000000,0.000000,1.000000,1.000000,0.000000,0.000000,1.000000,0.000000,0.000000,0.000000,0
320,1.000000,308,4,0.000000,0.000000,0.000000,0.000000,1.000000,1.000000,0.000000,0.000000,1.000000,0.000000,0.000000,0.000000,0
324,1.000000,308,7,0.000000,0.000000,0.000000,0.000000,1.000000,0.986207,0.000000,0.000000,1.000000,0.000000,0.000000,0.000000,0
328,1.000000,308,10,0.000000,0.000000,0.000000,0.000000,1.000000,0.972414,0.000000,0.000000,1.000000,0.000000,0.000000,0.000000,0
332,1.000000,308,14,0.000000,0.000000,0.000000,0.000000,1.000000,0.958621,0.000000,0.000000,1.000000,0.000000,0.000000,0.000000,0
336,1.000000,308,17,0.000000,0.000000,0.000000,0.000000,1.000000,0.944828,0.000000,0.000000,1.000000,0.000000,0.000000,0.000000,0
340,1.000000,308,19,0.000000,0.000000,0.000000,0.000000,1.000000,0.931034,0.000000,0.000000,1.000000,0.000000,0.000000,0.000000,0
344,1.000000,308,22,0.000000,0.000000,0.000000,0.000000,1.000000,0.917241,0.000000,0.000000,1.000000,0.000000,0.000000,0.000000,0
348,1.000000,308,25,0.000000,0.000000,0.000000,0.000000,1.000000,0.903448,0.000000,0.000000,1.000000,0.000000,0.000000,0.000000,0
352,1.000000,308,28,0.000000,0.000000,0.000000,0.000000,1.000000,0.889655,0.000000,0.000000,1.000000,0.000000,0.000000,0.000000,0
356,1.000000,308,30,0.000000,0.000000,0.000000,0.000000,1.000000,0.875862,0.000000,0.000000,1.000000,0.000000,0.000000,0.000000,0
360,1.000000,308,32,0.000000,0.000000,0.000000,0.000000,1.000000,0.862069,0.000000,0.000000,1.000000,0.000000,0.000000,0.000000,0
364,1.000000,308,35,0.000000,0.000000,0.000000,0.000000,1.000000,0.848276,0.000000,0.000000,1.000000,0.000000,0.000000,0.000000,0
368,1.000000,308,37,0.000000,0.000000,0.000000,0.000000,1.000000,0.834483,0.000000,0.000000,1.000000,0.000000,0.000000,0.000000,0
372,1.000000,308,39,0.000000,0.000000,0.000000,0.000000,1.000000,0.820690,0.000000,0.000000,1.000000,0.000000,0.000000,0.000000,0
376,1.000000,308,41,0.000000,0.000000,0.000000,0.000000,1.000000,0.806897,0.000000,0.000000,1.000000,0.000000,0.000000,0.000000,0
380,1.000000,308,43,0.000000,0.000000,0.000000,0.000000,1.000000,0.793103,0.000000,0.000000,1.000000,0.000000,0.000000,0.000000,0
384,1.000000,308,45,0.000000,0.000000,0.000000,0.000000,1.000000,0.779310,0.000000,0.000000,1.000000,0.000000,0.000000,0.000000,0
388,1.000000,308,47,0.000000,0.000000,0.000000,0.000000,1.000000,0.765517,0.000000,0.000000,1.000000,0.000000,0.000000,0.000000,0
392,1.000000,308,49,0.000000,0.000000,0.000000,0.000000,1.000000,0.751724,0.000000,0.000000,1.000000,0.000000,0.000000,0.000000,0
396,1.000000,308,50,0.000000,0.000000,0.000000,0.000000,1.000000,0.737931,0.000000,0.000000,1.000000,0.000000,0.000000,0.000000,0
400,1.000000,308,52,0.000000,0.000000,0.000000,0.000000,1.000000,0.724138,0.000000,0.000000,1.000000,0.000000,0.000000,0.000000,0
404,1.000000,308,54,0.000000,0.000000,0.000000,0.000000,1.000000,0.710345,0.000000,0.000000,1.000000,0.000000,0.000000,0.000000,0
408,1.000000,308,55,0.000000,0.000000,0.000000,0.000000,1.000000,0.696552,0.000000,0.000000,1.000000,0.000000,0.000000,0.000000,0
412,1.000000,308,56,0.000000,0.000000,0.000000,0.000000,1.000000,0.682759,0.000000,0.000000,1.000000,0.000000,0.000000,0.000000,0
416,1.000000,308,58,0.000000,0.000000,0.000000,0.000000,1.000000,0.668966,0.000000,0.000000,1.000000,0.000000,0.000000,0.000000,0
420,1.000000,308,59,0.000000,0.000000,0.000000,0.000000,1.000000,0.655172,0.000000,0.000000,1.000000,0.000000,0.000000,0.000000,0
424,1.000000,308,60,0.000000,0.000000,0.000000,0.000000,1.000000,0.641379,0.000000,0.000000,1.000000,0.000000,0.000000,0.000000,0
428,1.000000,308,61,0.000000,0.000000,0.000000,0.000000,1.000000,0.627586,0.000000,0.000000,1.000000,0.000000,0.000000,0.000000,0
432,1.000000,308,63,0.000000,0.000000,0.000000,0.000000,1.000000,0.613793,0.000000,0.000000,1.000000,0.000000,0.000000,0.000000,0
436,1.000000,308,64,0.000000,0.000000,0.000000,0.000000,1.000000,0.600000,0.000000,0.000000,1.000000,0.000000,0.000000,0.000000,0
440,1.000000,308,65,0.000000,0.000000,0.000000,0.000000,1.000000,0.586207,0.000000,0.000000,1.000000,0.000000,0.000000,0.000000,1
444,1.000000,308,65,0.000160,0.000000,0.000000,0.065754,1.000000,0.572414,0.000000,0.000000,1.000000,0.000000,0.000000,0.000000,1
448,1.000000,308,66,0.000650,0.000000,0.000000,0.128404,1.000000,0.558621,0.000000,0.000000,1.000000,0.000000,0.000000,0.000000,2
452,1.000000,308,67,0.001485,0.000000,0.000000,0.188049,1.000000,0.544828,0.000000,0.000000,1.000000,0.000000,0.000000,0.000000,2
456,1.000000,308,68,0.002682,0.000000,0.000000,0.244786,1.000000,0.531034,0.000000,0.000000,1.000000,0.000000,0.000000,0.000000,3
460,1.000000,308,69,0.004259,0.000000,0.000000,0.298706,1.000000,0.517241,0.000000,0.000000,1.000000,0.000000,0.000000,0.000000,3
464,1.000000,308,69,0.006234,0.000000,0.000000,0.349902,1.000000,0.503448,0.000000,0.000000,1.000000,0.000000,0.000000,0.000000,4
468,1.000000,308,70,0.008628,0.000000,0.000000,0.398459,1.000000,0.489655,0.000000,0.000000,1.000000,0.000000,0.000000,0.000000,4
472,1.000000,308,71,0.011460,0.000000,0.000000,0.444464,1.000000,0.475862,0.000000,0.000000,1.000000,0.000000,0.000000,0.000000,5
476,1.000000,308,71,0.014754,0.000000,0.000000,0.488000,1.000000,0.462069,0.000000,0.000000,1.000000,0.000000,0.000000,0.000000,5
480,1.000000,308,72,0.018533,0.000000,0.000000,0.529147,1.000000,0.448276,0.000000,0.000000,1.000000,0.000000,0.000000,0.000000,6
484,1.000000,308,72,0.022821,0.000000,0.000000,0.567984,1.000000,0.434483,0.000000,0.000000,1.000000,0.000000,0.000000,0.000000,6
488,1.000000,308,73,0.027645,0.000000,0.000000,0.604589,1.000000,0.420690,0.000000,0.000000,1.000000,0.000000,0.000000,0.000000,7
492,1.000000,308,73,0.033033,0.000000,0.000000,0.639036,1.000000,0.406897,0.000000,0.000000,1.000000,0.000000,0.000000,0.000000,7
496,1.000000,308,73,0.039012,0.000000,0.000000,0.671399,1.000000,0.393103,0.000000,0.000000,1.000000,0.000000,0.000000,0.000000,8
500,1.000000,308,74,0.045613,0.000000,0.000000,0.701750,1.000000,0.379310,0.000000,0.000000,1.000000,0.000000,0.000000,0.000000,8
504,1.000000,308,74,0.052867,0.000000,0.000000,0.730160,1.000000,0.365517,0.000000,0.000000,1.000000,0.000000,0.000000,0.000000,9
508,1.000000,308,74,0.060805,0.000000,0.000000,0.756699,1.000000,0.351724,0.000000,0.000000,1.000000,0.000000,0.000000,0.000000,9
512,1.000000,308,75,0.069458,0.000000,0.000000,0.781434,1.000000,0.337931,0.000000,0.000000,1.000000,0.000000,0.000000,0.000000,10
516,1.000000,308,75,0.078859,0.000000,0.000000,0.804432,1.000000,0.324138,0.000000,0.000000,1.000000,0.000000,0.000000,0.000000,10
520,1.000000,308,75,0.089039,0.000000,0.000000,0.825761,1.000000,0.310345,0.000000,0.000000,1.000000,0.000000,0.000000,0.000000,11
524,1.000000,308,75,0.100028,0.000000,0.000000,0.845485,1.000000,0.296552,0.000000,0.000000,1.000000,0.000000,0.000000,0.000000,11
528,1.000000,308,75,0.111853,0.000000,0.000000,0.863668,1.000000,0.282759,0.000000,0.000000,1.000000,0.000000,0.000000,0.000000,12
532,1.000000,308,76,0.124537,0.000000,0.000000,0.880374,1.000000,0.268966,0.000000,0.000000,1.000000,0.000000,0.000000,0.000000,12
536,1.000000,308,76,0.138101,0.000000,0.000000,0.895667,1.000000,0.255172,0.000000,0.000000,1.000000,0.000000,0.000000,0.000000,13
540,1.000000,308,76,0.152555,0.000000,0.000000,0.909609,1.000000,0.241379,0.000000,0.000000,1.000000,0.000000,0.000000,0.000000,13
544,1.000000,308,76,0.167905,0.000000,0.000000,0.922262,1.000000,0.227586,0.000000,0.000000,1.000000,0.000000,0.000000,0.000000,14
548,1.000000,308,76,0.184144,0.000000,0.000000,0.933687,1.000000,0.213793,0.000000,0.000000,1.000000,0.000000,0.000000,0.000000,14
552,1.000000,308,76,0.201255,0.000000,0.000000,0.943947,1.000000,0.200000,0.000000,0.000000,1.000000,0.000000,0.000000,0.000000,15
556,1.000000,308,76,0.219205,0.000000,0.000000,0.953102,1.000000,0.186207,0.000000,0.000000,1.000000,0.000000,0.000000,0.000000,15
560,1.000000,308,76,0.237947,0.000000,0.000000,0.961214,1.000000,0.172414,0.000000,0.000000,1.000000,0.000000,0.000000,0.000000,16
564,1.000000,308,76,0.257422,0.000000,0.000000,0.968343,1.000000,0.158621,0.000000,0.000000,1.000000,0.000000,0.000000,0.000000,16
568,1.000000,308,76,0.277550,0.000000,0.000000,0.974551,1.000000,0.144828,0.000000,0.000000,1.000000,0.000000,0.000000,0.000000,17
572,1.000000,308,76,0.298242,0.000000,0.000000,0.979900,1.000000,0.131034,0.000000,0.000000,1.000000,0.000000,0.000000,0.000000,17
576,1.000000,308,76,0.319394,0.000000,0.000000,0.984450,1.000000,0.117241,0.000000,0.000000,1.000000,0.000000,0.000000,0.000000,18
580,1.000000,308,76,0.340895,0.000000,0.000000,0.988264,1.000000,0.103448,0.000000,0.000000,1.000000,0.000000,0.000000,0.000000,18
584,1.000000,308,76,0.362627,0.000000,0.000000,0.991404,1.000000,0.089655,0.000000,0.000000,1.000000,0.000000,0.000000,0.000000,19
588,1.000000,308,76,0.384472,0.000000,0.000000,0.993933,1.000000,0.075862,0.000000,0.000000,1.000000,0.000000,0.000000,0.000000,19
592,1.000000,308,76,0.406316,0.000000,0.000000,0.995915,1.000000,0.062069,0.000000,0.000000,1.000000,0.000000,0.000000,0.000000,20
596,1.000000,308,76,0.428050,0.000000,0.000000,0.997414,1.000000,0.048276,0.000000,0.000000,1.000000,0.000000,0.000000,0.000000,20
600,1.000000,308,76,0.449574,0.000000,0.000000,0.998495,1.000000,0.034483,0.000000,0.000000,1.000000,0.000000,0.000000,0.000000,21
604,1.000000,308,76,0.470799,0.000000,0.000000,0.999225,1.000000,0.020690,0.000000,0.000000,1.000000,0.000000,0.000000,0.000000,21
608,1.000000,308,76,0.491651,0.000000,0.000000,0.999671,1.000000,0.006897,0.000000,0.000000,1.000000,0.000000,0.000000,0.000000,22
612,1.000000,308,76,0.512066,0.000000,0.000000,0.999902,1.000000,0.000000,0.000000,0.000000,1.000000,0.000000,0.000000,0.000000,22
616,1.000000,308,76,0.531993,0.000000,0.000000,0.999988,1.000000,0.000000,0.000000,0.000000,1.000000,0.000000,0.000000,0.000000,23
620,1.000000,308,76,0.551396,0.000000,0.000000,1.000000,1.000000,0.000000,0.000000,0.000000,1.000000,0.000000,0.000000,0.000000,23
624,1.000000,308,76,0.570244,0.000000,0.000000,1.000000,0.998450,0.000000,0.000000,0.000000,1.000000,0.000000,0.000000,0.000000,24
628,1.000000,308,76,0.588519,0.000000,0.000000,1.000000,0.996899,0.000000,0.000000,0.000000,1.000000,0.000000,0.000000,0.000000,24
632,1.000000,308,76,0.606211,0.000000,0.000000,1.000000,0.995349,0.000000,0.000000,0.000000,1.000000,0.000000,0.000000,0.000000,25
636,1.000000,308,76,0.623315,0.000000,0.000000,1.000000,0.993798,0.000000,0.000000,0.000000,1.000000,0.000000,0.000000,0.000000,25
640,1.000000,308,76,0.639832,0.000000,0.000000,1.000000,0.992248,0.000000,0.000000,0.000000,1.000000,0.000000,0.000000,0.000000,26
644,1.000000,308,76,0.655768,0.000000,0.000000,1.000000,0.990698,0.000000,0.000000,0.000000,1.000000,0.000000,0.000000,0.000000,26
648,1.000000,308,76,0.671132,0.000000,0.000000,1.000000,0.989147,0.000000,0.000000,0.000000,1.000000,0.000000,0.000000,0.000000,27
652,1.000000,308,76,0.685934,0.000000,0.000000,1.000000,0.987597,0.000000,0.000000,0.000000,1.000000,0.000000,0.000000,0.000000,27
656,1.000000,308,76,0.700189,0.000000,0.000000,1.000000,0.986047,0.000000,0.000000,0.000000,1.000000,0.000000,0.000000,0.000000,28
660,1.000000,308,76,0.713911,0.000000,0.000000,1.000000,0.984496,0.000000,0.000000,0.000000,1.000000,0.000000,0.000000,0.000000,28
664,1.000000,308,76,0.727116,0.078529,0.000000,1.000000,0.982946,0.000000,0.000000,0.000000,1.000000,0.000000,0.000000,0.000000,29
668,1.000000,308,76,0.739819,0.152617,0.000000,1.000000,0.981395,0.000000,0.000000,0.000000,1.000000,0.000000,0.000000,0.000000,29
672,1.000000,308,76,0.752038,0.222434,0.000000,1.000000,0.979845,0.000000,0.000000,0.000000,1.000000,0.000000,0.000000,0.000000,30
676,1.000000,308,76,0.763788,0.288143,0.000000,1.000000,0.978295,0.000000,0.000000,0.000000,1.000000,0.000000,0.000000,0.000000,30
680,1.000000,308,76,0.775086,0.349902,0.000000,1.000000,0.976744,0.000000,0.000000,0.000000,1.000000,0.000000,0.000000,0.000000,31
684,1.000000,308,76,0.785948,0.407862,0.000000,1.000000,0.975194,0.000000,0.000000,0.000000,1.000000,0.000000,0.000000,0.000000,31
688,1.000000,308,76,0.796389,0.462170,0.000000,1.000000,0.973643,0.000000,0.000000,0.000000,1.000000,0.000000,0.000000,0.000000,32
692,1.000000,308,76,0.806425,0.512970,0.000000,1.000000,0.972093,0.000000,0.000000,0.000000,1.000000,0.000000,0.000000,0.000000,32
696,1.000000,308,76,0.816071,0.560398,0.000000,1.000000,0.970543,0.000000,0.000000,0.000000,1.000000,0.000000,0.000000,0.000000,33
700,1.000000,308,76,0.825339,0.604589,0.000000,1.000000,0.968992,0.000000,0.000000,0.000000,1.000000,0.000000,0.000000,0.000000,33
704,1.000000,308,76,0.834246,0.645673,0.000000,1.000000,0.967442,0.000000,0.000000,0.000000,1.000000,0.000000,0.000000,0.000000,34
708,1.000000,308,76,0.842802,0.683777,0.000000,1.000000,0.965891,0.000000,0.000000,0.000000,1.000000,0.000000,0.000000,0.000000,34
712,1.000000,308,76,0.851022,0.719025,0.000000,1.000000,0.964341,0.000000,0.000000,0.000000,1.000000,0.000000,0.000000,0.000000,35
716,1.000000,308,76,0.858916,0.751537,0.000000,1.000000,0.962791,0.000000,0.000000,0.000000,1.000000,0.000000,0.000000,0.000000,35
720,1.000000,308,76,0.866497,0.781434,0.000000,1.000000,0.961240,0.000000,0.000000,0.000000,1.000000,0.000000,0.000000,0.000000,36
724,1.000000,308,76,0.873775,0.808830,0.000000,1.000000,0.959690,0.000000,0.000000,0.000000,1.000000,0.000000,0.000000,0.000000,36
728,1.000000,308,76,0.880762,0.833839,0.000000,1.000000,0.958140,0.000000,0.000000,0.000000,1.000000,0.000000,0.000000,0.000000,37
732,1.000000,308,76,0.887466,0.856575,0.000000,1.000000,0.956589,0.000000,0.000000,0.000000,1.000000,0.000000,0.000000,0.000000,37
736,1.000000,308,76,0.893898,0.877148,0.000000,1.000000,0.955039,0.000000,0.000000,0.000000,1.000000,0.000000,0.000000,0.000000,38
740,1.000000,308,76,0.900067,0.895667,0.000000,1.000000,0.953488,0.000000,0.000000,0.000000,1.000000,0.000000,0.000000,0.000000,38
744,1.000000,308,76,0.905982,0.912241,0.000000,1.000000,0.951938,0.000000,0.000000,0.000000,1.000000,0.000000,0.000000,0.000000,39
748,1.000000,308,76,0.911650,0.926976,0.000000,1.000000,0.950388,0.000000,0.000000,0.000000,1.000000,0.000000,0.000000,0.000000,39
752,1.000000,308,76,0.917081,0.939979,0.000000,1.000000,0.948837,0.000000,0.000000,0.000000,1.000000,0.000000,0.000000,0.000000,40
756,1.000000,308,76,0.922281,0.951357,0.000000,1.000000,0.947287,0.000000,0.000000,0.000000,1.000000,0.000000,0.000000,0.000000,40
760,1.000000,308,76,0.927258,0.961214,0.000000,1.000000,0.945736,0.000000,0.000000,0.000000,1.000000,0.000000,0.000000,0.000000,41
764,1.000000,308,76,0.932019,0.969657,0.083967,1.000000,0.944186,0.000000,0.000000,0.000000,1.000000,0.000000,0.000000,0.000000,41
768,1.000000,308,76,0.936570,0.976791,0.162849,1.000000,0.942636,0.000000,0.000000,0.000000,1.000000,0.000000,0.000000,0.000000,42
772,1.000000,308,76,0.940918,0.982722,0.236855,1.000000,0.941085,0.000000,0.000000,0.000000,1.000000,0.000000,0.000000,0.000000,42
776,1.000000,308,76,0.945069,0.987557,0.306185,1.000000,0.939535,0.000000,0.000000,0.000000,1.000000,0.000000,0.000000,0.000000,43
780,1.000000,308,76,0.949028,0.991404,0.371030,1.000000,0.937984,0.000000,0.000000,0.000000,1.000000,0.000000,0.000000,0.000000,43
784,1.000000,308,76,0.952802,0.994371,0.431576,1.000000,0.936434,0.000000,0.000000,0.000000,1.000000,0.000000,0.000000,0.000000,44
788,1.000000,308,76,0.956396,0.996569,0.488000,1.000000,0.934884,0.000000,0.000000,0.000000,1.000000,0.000000,0.000000,0.000000,44
792,1.000000,308,76,0.959814,0.998109,0.540476,1.000000,0.933333,0.000000,0.000000,0.000000,1.000000,0.000000,0.000000,0.000000,45
796,1.000000,308,76,0.963062,0.999104,0.589170,1.000000,0.931783,0.000000,0.000000,0.000000,1.000000,0.000000,0.000000,0.000000,45
800,1.000000,308,76,0.966145,0.999671,0.634244,1.000000,0.930233,0.000000,0.000000,0.000000,1.000000,0.000000,0.000000,0.000000,46
804,1.000000,308,76,0.969066,0.999928,0.675856,1.000000,0.928682,0.000000,0.000000,0.000000,1.000000,0.000000,0.000000,0.000000,46
808,1.000000,308,76,0.971830,0.999997,0.714159,1.000000,0.927132,0.000000,0.000000,0.000000,1.000000,0.000000,0.000000,0.000000,47
812,1.000000,308,76,0.974442,1.000000,0.749303,1.000000,0.925581,0.000000,0.000000,0.000000,1.000000,0.000000,0.000000,0.000000,47
816,1.000000,308,76,0.976905,1.000000,0.781434,1.000000,0.924031,0.000000,0.000000,0.000000,1.000000,0.000000,0.000000,0.000000,48
820,1.000000,308,76,0.979224,1.000000,0.810694,1.000000,0.922481,0.000000,0.000000,0.000000,1.000000,0.000000,0.000000,0.000000,48
824,1.000000,308,76,0.981401,1.000000,0.837224,1.000000,0.920930,0.000000,0.000000,0.000000,1.000000,0.000000,0.000000,0.000000,49
828,1.000000,308,76,0.983441,1.000000,0.861162,1.000000,0.919380,0.000000,0.000000,0.000000,1.000000,0.000000,0.000000,0.000000,49
832,1.000000,308,76,0.985347,1.000000,0.882644,1.000000,0.917829,0.000000,0.000000,0.000000,1.000000,0.000000,0.000000,0.000000,50
836,1.000000,308,76,0.987122,1.000000,0.901804,1.000000,0.916279,0.000000,0.000000,0.000000,1.000000,0.000000,0.000000,0.000000,50
840,1.000000,308,76,0.988769,1.000000,0.918775,1.000000,0.914729,0.000000,0.000000,0.000000,1.000000,0.000000,0.000000,0.000000,51
844,1.000000,308,76,0.990292,1.000000,0.933687,1.000000,0.913178,0.000000,0.000000,0.000000,1.000000,0.000000,0.000000,0.000000,51
848,1.000000,308,76,0.991693,1.000000,0.946673,1.000000,0.911628,0.000000,0.000000,0.000000,1.000000,0.000000,0.000000,0.000000,52
852,1.000000,308,76,0.992975,1.000000,0.957861,1.000000,0.910078,0.000000,0.000000,0.000000,1.000000,0.000000,0.000000,0.000000,52
856,1.000000,308,76,0.994141,1.000000,0.967383,1.000000,0.908527,0.000000,0.000000,0.000000,1.000000,0.000000,0.000000,0.000000,53
860,1.000000,308,76,0.995193,1.000000,0.975367,1.000000,0.906977,0.000000,0.000000,0.000000,1.000000,0.000000,0.000000,0.000000,53
864,1.000000,308,76,0.996135,1.000000,0.981944,1.000000,0.905426,0.000000,0.000000,0.000000,1.000000,0.000000,0.000000,0.000000,54
868,1.000000,308,76,0.996968,1.000000,0.987246,1.000000,0.903876,0.000000,0.000000,0.000000,1.000000,0.000000,0.000000,0.000000,54
872,1.000000,308,76,0.997695,1.000000,0.991404,1.000000,0.902326,0.000000,0.000000,0.000000,1.000000,0.000000,0.000000,0.000000,55
876,1.000000,308,76,0.998319,1.000000,0.994553,1.000000,0.900775,0.000000,0.000000,0.000000,1.000000,0.000000,0.000000,0.000000,55
880,1.000000,308,76,0.998841,1.000000,0.996827,1.000000,0.899225,0.000000,0.000000,0.000000,1.000000,0.000000,0.000000,0.000000,56
884,1.000000,308,76,0.999263,1.000000,0.998364,1.000000,0.897674,0.000000,0.000000,0.000000,1.000000,0.000000,0.000000,0.000000,56
888,1.000000,308,76,0.999588,1.000000,0.999305,1.000000,0.896124,0.000000,0.000000,0.000000,1.000000,0.000000,0.000000,0.000000,57
892,1.000000,308,76,0.999818,1.000000,0.999792,1.000000,0.894574,0.000000,0.000000,0.000000,1.000000,0.000000,0.000000,0.000000,57
896,1.000000,308,76,0.999955,1.000000,0.999974,1.000000,0.893023,0.000000,0.000000,0.000000,1.000000,0.000000,0.000000,0.000000,58
900,1.000000,308,76,1.000000,1.000000,1.000000,1.000000,0.891473,0.000000,0.000000,0.000000,1.000000,0.000000,0.000000,0.000000,58
904,1.000000,308,76,1.000000,1.000000,1.000000,1.000000,0.889922,0.000000,0.000000,0.000000,1.000000,0.000000,0.000000,0.000000,59
908,1.000000,308,76,1.000000,1.000000,1.000000,1.000000,0.888372,0.000000,0.000000,0.000000,1.000000,0.000000,0.000000,0.000000,0
912,1.000000,308,76,1.000000,1.000000,1.000000,1.000000,0.886822,0.000000,0.000000,0.000000,1.000000,0.000000,0.000000,0.000000,0
916,1.000000,308,76,1.000000,1.000000,1.000000,1.000000,0.885271,0.000000,0.000000,0.000000,1.000000,0.000000,0.000000,0.000000,0
920,1.000000,308,76,1.000000,1.000000,1.000000,1.000000,0.883721,0.000000,0.000000,0.000000,1.000000,0.000000,0.000000,0.000000,0
924,1.000000,308,76,1.000000,1.000000,1.000000,1.000000,0.882171,0.000000,0.000000,0.000000,1.000000,0.000000,0.000000,0.000000,0
928,1.000000,308,76,1.000000,1.000000,1.000000,1.000000,0.880620,0.000000,0.000000,0.000000,1.000000,0.000000,0.000000,0.000000,0
932,1.000000,308,76,1.000000,1.000000,1.000000,1.000000,0.879070,0.000000,0.000000,0.000000,1.000000,0.000000,0.000000,0.000000,0
936,1.000000,308,76,1.000000,1.000000,1.000000,1.000000,0.877519,0.000000,0.000000,0.000000,1.000000,0.000000,0.000000,0.000000,0
940,1.000000,308,76,1.000000,1.000000,1.000000,1.000000,0.875969,0.000000,0.000000,0.000000,1.000000,0.000000,0.000000,0.000000,0
944,1.000000,308,76,1.000000,1.000000,1.000000,1.000000,0.874419,0.000000,0.000000,0.000000,1.000000,0.000000,0.000000,0.000000,0
948,1.000000,308,76,1.000000,1.000000,1.000000,1.000000,0.872868,0.000000,0.000000,0.000000,1.000000,0.000000,0.000000,0.000000,0
952,1.000000,308,76,1.000000,1.000000,1.000000,1.000000,0.871318,0.000000,0.000000,0.000000,1.000000,0.000000,0.000000,0.000000,0
956,1.000000,308,76,1.000000,1.000000,1.000000,1.000000,0.869767,0.000000,0.000000,0.000000,1.000000,0.000000,0.000000,0.000000,0
960,1.000000,308,76,1.000000,1.000000,1.000000,1.000000,0.868217,0.000000,0.000000,0.000000,1.000000,0.000000,0.000000,0.000000,0
964,1.000000,308,76,1.000000,1.000000,1.000000,1.000000,0.866667,0.000000,0.000000,0.000000,1.000000,0.000000,0.000000,0.000000,0
968,1.000000,308,76,1.000000,1.000000,1.000000,1.000000,0.865116,0.000000,0.000000,0.000000,1.000000,0.000000,0.000000,0.000000,0
972,1.000000,308,76,1.000000,1.000000,1.000000,1.000000,0.863566,0.000000,0.000000,0.000000,1.000000,0.000000,0.000000,0.000000,0
976,1.000000,308,76,1.000000,1.000000,1.000000,1.000000,0.862016,0.000000,0.000000,0.000000,1.000000,0.000000,0.000000,0.000000,0
980,1.000000,308,76,1.000000,1.000000,1.000000,1.000000,0.860465,0.000000,0.000000,0.000000,1.000000,0.000000,0.000000,0.000000,0
984,1.000000,308,76,1.000000,1.000000,1.000000,1.000000,0.858915,0.000000,0.000000,0.000000,1.000000,0.000000,0.000000,0.000000,0
988,1.000000,308,76,1.000000,1.000000,1.000000,1.000000,0.857364,0.000000,0.000000,0.000000,1.000000,0.000000,0.000000,0.000000,0
992,1.000000,308,76,1.000000,1.000000,1.000000,1.000000,0.855814,0.000000,0.000000,0.000000,1.000000,0.000000,0.000000,0.000000,0
996,1.000000,308,76,1.000000,1.000000,1.000000,1.000000,0.854264,0.000000,0.000000,0.000000,1.000000,0.000000,0.000000,0.000000,0
1000,1.000000,308,76,1.000000,1.000000,1.000000,1.000000,0.852713,0.000000,0.000000,0.000000,1.000000,0.000000,0.000000,0.000000,0
1004,1.000000,308,76,1.000000,1.000000,1.000000,1.000000,0.851163,0.000000,0.000000,0.000000,1.000000,0.000000,0.000000,0.000000,0
1008,1.000000,308,76,1.000000,1.000000,1.000000,1.000000,0.849612,0.000000,0.000000,0.000000,1.000000,0.000000,0.000000,0.000000,0
1012,1.000000,308,76,1.000000,1.000000,1.000000,1.000000,0.848062,0.000000,0.000000,0.000000,1.000000,0.000000,0.000000,0.000000,0
1016,1.000000,308,76,1.000000,1.000000,1.000000,1.000000,0.846512,0.000000,0.000000,0.000000,1.000000,0.000000,0.000000,0.000000,0
1020,1.000000,308,76,1.000000,1.000000,1.000000,1.000000,0.844961,0.000000,0.000000,0.000000,1.000000,0.000000,0.000000,0.000000,0
1024,1.000000,308,76,1.000000,1.000000,1.000000,1.000000,0.843411,0.000000,0.000000,0.000000,1.000000,0.000000,0.000000,0.000000,0
1028,1.000000,308,76,1.000000,1.000000,1.000000,1.000000,0.841860,0.000000,0.000000,0.000000,1.000000,0.000000,0.000000,0.000000,0
1032,1.000000,308,76,1.000000,1.000000,1.000000,1.000000,0.840310,0.000000,0.000000,0.000000,1.000000,0.000000,0.000000,0.000000,0
1036,1.000000,308,76,1.000000,1.000000,1.000000,1.000000,0.838760,0.000000,0.000000,0.000000,1.000000,0.000000,0.000000,0.000000,0
1040,1.000000,308,76,1.000000,1.000000,1.000000,1.000000,0.837209,0.000000,0.000000,0.000000,1.000000,0.000000,0.000000,0.000000,0
1044,1.000000,308,76,1.000000,1.000000,1.000000,1.000000,0.835659,0.000000,0.000000,0.000000,1.000000,0.000000,0.000000,0.000000,0
1048,1.000000,308,76,1.000000,1.000000,1.000000,1.000000,0.834109,0.000000,0.000000,0.000000,1.000000,0.000000,0.000000,0.000000,0
1052,1.000000,308,76,1.000000,1.000000,1.000000,1.000000,0.832558,0.000000,0.000000,0.000000,1.000000,0.000000,0.000000,0.000000,0
1056,1.000000,308,76,1.000000,1.000000,1.000000,1.000000,0.831008,0.000000,0.000000,0.000000,1.000000,0.000000,0.000000,0.000000,0
1060,1.000000,308,76,1.000000,1.000000,1.000000,1.000000,0.829457,0.000000,0.000000,0.000000,1.000000,0.000000,0.000000,0.000000,0
1064,1.000000,308,76,1.000000,1.000000,1.000000,1.000000,0.827907,0.000000,0.000000,0.000000,1.000000,0.000000,0.000000,0.000000,0
1068,1.000000,308,76,1.000000,1.000000,1.000000,1.000000,0.826357,0.000000,0.000000,0.000000,1.000000,0.000000,0.000000,0.000000,0
1072,1.000000,308,76,1.000000,1.000000,1.000000,1.000000,0.824806,0.000000,0.000000,0.000000,1.000000,0.000000,0.000000,0.000000,0
1076,1.000000,308,76,1.000000,1.000000,1.000000,1.000000,0.823256,0.000000,0.000000,0.000000,1.000000,0.000000,0.000000,0.000000,0
1080,1.000000,308,76,1.000000,1.000000,1.000000,1.000000,0.821705,0.000000,0.000000,0.000000,1.000000,0.000000,0.000000,0.000000,0
1084,1.000000,308,76,1.000000,1.000000,1.000000,1.000000,0.820155,0.000000,0.000000,0.000000,1.000000,0.000000,0.000000,0.000000,0
1088,1.000000,308,76,1.000000,1.000000,1.000000,1.000000,0.818605,0.000000,0.000000,0.000000,1.000000,0.000000,0.000000,0.000000,0
1092,1.000000,308,76,1.000000,1.000000,1.000000,1.000000,0.817054,0.000000,0.000000,0.000000,1.000000,0.000000,0.000000,0.000000,0
1096,1.000000,308,76,1.000000,1.000000,1.000000,1.000000,0.815504,0.000000,0.000000,0.000000,1.000000,0.000000,0.000000,0.000000,0
1100,1.000000,308,76,1.000000,1.000000,1.000000,1.000000,0.813953,0.000000,0.000000,0.000000,1.000000,0.000000,0.000000,0.000000,0
1104,1.000000,308,76,1.000000,1.000000,1.000000,1.000000,0.812403,0.000000,0.000000,0.000000,1.000000,0.000000,0.000000,0.000000,0
1108,1.000000,308,76,1.000000,1.000000,1.000000,1.000000,0.810853,0.000000,0.000000,0.000000,1.000000,0.000000,0.000000,0.000000,0
1112,1.000000,308,76,1.000000,1.000000,1.000000,1.000000,0.809302,0.000000,0.000000,0.000000,1.000000,0.000000,0.000000,0.000000,0
1116,1.000000,308,76,1.000000,1.000000,1.000000,1.000000,0.807752,0.000000,0.000000,0.000000,1.000000,0.000000,0.000000,0.000000,0
1120,1.000000,308,76,1.000000,1.000000,1.000000,1.000000,0.806202,0.000000,0.000000,0.000000,1.000000,0.000000,0.000000,0.000000,0
1124,1.000000,308,76,1.000000,1.000000,1.000000,1.000000,0.804651,0.000000,0.000000,0.000000,1.000000,0.000000,0.000000,0.000000,0
1128,1.000000,308,76,1.000000,1.000000,1.000000,1.000000,0.803101,0.000000,0.000000,0.000000,1.000000,0.000000,0.000000,0.000000,0
1132,1.000000,308,76,1.000000,1.000000,1.000000,1.000000,0.801550,0.000000,0.000000,0.000000,1.000000,0.000000,0.000000,0.000000,0
1136,1.000000,308,76,1.000000,1.000000,1.000000,1.000000,0.800000,0.000000,0.000000,0.000000,1.000000,0.000000,0.000000,0.000000,0
1140,1.000000,308,76,1.000000,1.000000,1.000000,1.000000,0.798450,0.000000,0.000000,0.000000,1.000000,0.000000,0.000000,0.000000,0
1144,1.000000,308,76,1.000000,1.000000,1.000000,1.000000,0.796899,0.000000,0.000000,0.000000,1.000000,0.000000,0.000000,0.000000,0
1148,1.000000,308,76,1.000000,1.000000,1.000000,1.000000,0.795349,0.000000,0.000000,0.000000,1.000000,0.000000,0.000000,0.000000,0
1152,1.000000,308,76,1.000000,1.000000,1.000000,1.000000,0.793798,0.000000,0.000000,0.000000,1.000000,0.000000,0.000000,0.000000,0
1156,1.000000,308,76,1.000000,1.000000,1.000000,1.000000,0.792248,0.000000,0.000000,0.000000,1.000000,0.000000,0.000000,0.000000,0
1160,1.000000,308,76,1.000000,1.000000,1.000000,1.000000,0.790698,0.000000,0.000000,0.000000,1.000000,0.000000,0.000000,0.000000,0
1164,1.000000,308,76,1.000000,1.000000,1.000000,1.000000,0.789147,0.000000,0.000000,0.000000,1.000000,0.000000,0.000000,0.000000,0
1168,1.000000,308,76,1.000000,1.000000,1.000000,1.000000,0.787597,0.000000,0.000000,0.000000,1.000000,0.000000,0.000000,0.000000,0
1172,1.000000,308,76,1.000000,1.000000,1.000000,1.000000,0.786047,0.000000,0.000000,0.000000,1.000000,0.000000,0.000000,0.000000,0
1176,1.000000,308,76,1.000000,1.000000,1.000000,1.000000,0.784496,0.000000,0.000000,0.000000,1.000000,0.000000,0.000000,0.000000,0
1180,1.000000,308,76,1.000000,1.000000,1.000000,1.000000,0.782946,0.000000,0.000000,0.000000,1.000000,0.000000,0.000000,0.000000,0
1184,1.000000,308,76,1.000000,1.000000,1.000000,1.000000,0.781395,0.000000,0.000000,0.000000,1.000000,0.000000,0.000000,0.000000,0
1188,1.000000,308,76,1.000000,1.000000,1.000000,1.000000,0.779845,0.000000,0.000000,0.000000,1.000000,0.000000,0.000000,0.000000,0
1192,1.000000,308,76,1.000000,1.000000,1.000000,1.000000,0.778295,0.000000,0.000000,0.000000,1.000000,0.000000,0.000000,0.000000,0
1196,1.000000,308,76,1.000000,1.000000,1.000000,1.000000,0.776744,0.000000,0.000000,0.000000,1.000000,0.000000,0.000000,0.000000,0
1200,1.000000,308,76,1.000000,1.000000,1.000000,1.000000,0.775194,0.000000,0.000000,0.000000,1.000000,0.000000,0.000000,0.000000,0
1204,1.000000,308,76,1.000000,1.000000,1.000000,1.000000,0.773643,0.000000,0.000000,0.000000,1.000000,0.000000,0.000000,0.000000,0
1208,1.000000,308,76,1.000000,1.000000,1.000000,1.000000,0.772093,0.000000,0.000000,0.000000,1.000000,0.000000,0.000000,0.000000,0
1212,1.000000,308,76,1.000000,1.000000,1.000000,1.000000,0.770543,0.000000,0.000000,0.000000,1.000000,0.000000,0.000000,0.000000,0
1216,1.000000,308,76,1.000000,1.000000,1.000000,1.000000,0.768992,0.000000,0.000000,0.000000,1.000000,0.000000,0.000000,0.000000,0
1220,1.000000,308,76,1.000000,1.000000,1.000000,1.000000,0.767442,0.000000,0.000000,0.000000,1.000000,0.000000,0.000000,0.000000,0
1224,1.000000,308,76,1.000000,1.000000,1.000000,1.000000,0.765891,0.000000,0.000000,0.000000,1.000000,0.000000,0.000000,0.000000,0
1228,1.000000,308,76,1.000000,1.000000,1.000000,1.000000,0.764341,0.000000,0.000000,0.000000,1.000000,0.000000,0.000000,0.000000,0
1232,1.000000,308,76,1.000000,1.000000,1.000000,1.000000,0.762791,0.000000,0.000000,0.000000,1.000000,0.000000,0.000000,0.000000,0
1236,1.000000,308,76,1.000000,1.000000,1.000000,1.000000,0.761240,0.000000,0.000000,0.000000,1.000000,0.000000,0.000000,0.000000,0
1240,1.000000,308,76,1.000000,1.000000,1.000000,1.000000,0.759690,0.000000,0.000000,0.000000,1.000000,0.000000,0.000000,0.000000,0
1244,1.000000,308,76,1.000000,1.000000,1.000000,1.000000,0.758140,0.000000,0.000000,0.000000,1.000000,0.000000,0.000000,0.000000,0
1248,1.000000,308,76,1.000000,1.000000,1.000000,1.000000,0.756589,0.000000,0.000000,0.000000,1.000000,0.000000,0.000000,0.000000,0
1252,1.000000,308,76,1.000000,1.000000,1.000000,1.000000,0.755039,0.000000,0.000000,0.000000,1.000000,0.000000,0.000000,0.000000,0
1256,1.000000,308,76,1.000000,1.000000,1.000000,1.000000,0.753488,0.000000,0.000000,0.000000,1.000000,0.000000,0.000000,0.000000,0
1260,1.000000,308,76,1.000000,1.000000,1.000000,1.000000,0.751938,0.000000,0.000000,0.000000,1.000000,0.000000,0.000000,0.000000,0
1264,1.000000,308,76,1.000000,1.000000,1.000000,1.000000,0.750388,0.000000,0.000000,0.000000,1.000000,0.000000,0.000000,0.000000,0
1268,1.000000,308,76,1.000000,1.000000,1.000000,1.000000,0.748837,0.000000,0.000000,0.000000,1.000000,0.000000,0.000000,0.000000,0
1272,1.000000,308,76,1.000000,1.000000,1.000000,1.000000,0.747287,0.000000,0.000000,0.000000,1.000000,0.000000,0.000000,0.000000,0
1276,1.000000,308,76,1.000000,1.000000,1.000000,1.000000,0.745736,0.000000,0.000000,0.000000,1.000000,0.000000,0.000000,0.000000,0
1280,1.000000,308,76,1.000000,1.000000,1.000000,1.000000,0.744186,0.000000,0.000000,0.000000,1.000000,0.000000,0.000000,0.000000,0
1284,1.000000,308,76,1.000000,1.000000,1.000000,1.000000,0.742636,0.000000,0.000000,0.000000,1.000000,0.000000,0.000000,0.000000,0
1288,1.000000,308,76,1.000000,1.000000,1.000000,1.000000,0.741085,0.000000,0.000000,0.000000,1.000000,0.000000,0.000000,0.000000,0
1292,1.000000,308,76,1.000000,1.000000,1.000000,1.000000,0.739535,0.000000,0.000000,0.000000,1.000000,0.000000,0.000000,0.000000,0
1296,1.000000,308,76,1.000000,1.000000,1.000000,1.000000,0.737984,0.000000,0.000000,0.000000,1.000000,0.000000,0.000000,0.000000,0
1300,1.000000,308,76,1.000000,1.000000,1.000000,1.000000,0.736434,0.000000,0.000000,0.000000,1.000000,0.000000,0.000000,0.000000,0
1304,1.000000,308,76,1.000000,1.000000,1.000000,1.000000,0.734884,0.000000,0.000000,0.000000,1.000000,0.000000,0.000000,0.000000,0
1308,1.000000,308,76,1.000000,1.000000,1.000000,1.000000,0.733333,0.000000,0.000000,0.000000,1.000000,0.000000,0.000000,0.000000,0
1312,1.000000,308,76,1.000000,1.000000,1.000000,1.000000,0.731783,0.000000,0.000000,0.000000,1.000000,0.000000,0.000000,0.000000,0
1316,1.000000,308,76,1.000000,1.000000,1.000000,1.000000,0.730233,0.000000,0.000000,0.000000,1.000000,0.000000,0.000000,0.000000,0
1320,1.000000,308,76,1.000000,1.000000,1.000000,1.000000,0.728682,0.000000,0.000000,0.000000,1.000000,0.000000,0.000000,0.000000,0
1324,1.000000,308,76,1.000000,1.000000,1.000000,1.000000,0.727132,0.000000,0.000000,0.000000,1.000000,0.000000,0.000000,0.000000,0
1328,1.000000,308,76,1.000000,1.000000,1.000000,1.000000,0.725581,0.000000,0.000000,0.000000,1.000000,0.000000,0.000000,0.000000,0
1332,1.000000,308,76,1.000000,1.000000,1.000000,1.000000,0.724031,0.000000,0.000000,0.000000,1.000000,0.000000,0.000000,0.000000,0
1336,1.000000,308,76,1.000000,1.000000,1.000000,1.000000,0.722481,0.000000,0.000000,0.000000,1.000000,0.000000,0.000000,0.000000,0
1340,1.000000,308,76,1.000000,1.000000,1.000000,1.000000,0.720930,0.000000,0.000000,0.000000,1.000000,0.000000,0.000000,0.000000,0
1344,1.000000,308,76,1.000000,1.000000,1.000000,1.000000,0.719380,0.000000,0.000000,0.000000,1.000000,0.000000,0.000000,0.000000,0
1348,1.000000,308,76,1.000000,1.000000,1.000000,1.000000,0.717829,0.000000,0.000000,0.000000,1.000000,0.000000,0.000000,0.000000,0
1352,1.000000,308,76,1.000000,1.000000,1.000000,1.000000,0.716279,0.000000,0.000000,0.000000,1.000000,0.000000,0.000000,0.000000,0
1356,1.000000,308,76,1.000000,1.000000,1.000000,1.000000,0.714729,0.000000,0.000000,0.000000,1.000000,0.000000,0.000000,0.000000,0
1360,1.000000,308,76,1.000000,1.000000,1.000000,1.000000,0.713178,0.000000,0.000000,0.000000,1.000000,0.000000,0.000000,0.000000,0
1364,1.000000,308,76,1.000000,1.000000,1.000000,1.000000,0.711628,0.000000,0.000000,0.000000,1.000000,0.000000,0.000000,0.000000,0
1368,1.000000,308,76,1.000000,1.000000,1.000000,1.000000,0.710078,0.000000,0.000000,0.000000,1.000000,0.000000,0.000000,0.000000,0
1372,1.000000,308,76,1.000000,1.000000,1.000000,1.000000,0.708527,0.000000,0.000000,0.000000,1.000000,0.000000,0.000000,0.000000,0
1376,1.000000,308,76,1.000000,1.000000,1.000000,1.000000,0.706977,0.000000,0.000000,0.000000,1.000000,0.000000,0.000000,0.000000,0
1380,1.000000,308,76,1.000000,1.000000,1.000000,1.000000,0.705426,0.000000,0.000000,0.000000,1.000000,0.000000,0.000000,0.000000,0
1384,1.000000,308,76,1.000000,1.000000,1.000000,1.000000,0.703876,0.000000,0.000000,0.000000,1.000000,0.000000,0.000000,0.000000,0
1388,1.000000,308,76,1.000000,1.000000,1.000000,1.000000,0.702326,0.000000,0.000000,0.000000,1.000000,0.000000,0.000000,0.000000,0
1392,1.000000,308,76,1.000000,1.000000,1.000000,1.000000,0.700775,0.000000,0.000000,0.000000,1.000000,0.000000,0.000000,0.000000,0
1396,1.000000,308,76,1.000000,1.000000,1.000000,1.000000,0.699225,0.000000,0.000000,0.000000,1.000000,0.000000,0.000000,0.000000,0
1400,1.000000,308,76,1.000000,1.000000,1.000000,1.000000,0.697674,0.000000,0.000000,0.000000,1.000000,0.000000,0.000000,0.000000,0
1404,1.000000,308,76,1.000000,1.000000,1.000000,1.000000,0.696124,0.000000,0.000000,0.000000,1.000000,0.000000,0.000000,0.000000,0
1408,1.000000,308,76,1.000000,1.000000,1.000000,1.000000,0.694574,0.000000,0.000000,0.000000,1.000000,0.000000,0.000000,0.000000,0
1412,1.000000,308,76,1.000000,1.000000,1.000000,1.000000,0.693023,0.000000,0.000000,0.000000,1.000000,0.000000,0.000000,0.000000,0
1416,1.000000,308,76,1.000000,1.000000,1.000000,1.000000,0.691473,0.000000,0.000000,0.000000,1.000000,0.000000,0.000000,0.000000,0
1420,1.000000,308,76,1.000000,1.000000,1.000000,1.000000,0.689922,0.000000,0.000000,0.000000,1.000000,0.000000,0.000000,0.000000,0
1424,1.000000,308,76,1.000000,1.000000,1.000000,1.000000,0.688372,0.000000,0.000000,0.000000,1.000000,0.000000,0.000000,0.000000,0
1428,1.000000,308,76,1.000000,1.000000,1.000000,1.000000,0.686822,0.000000,0.000000,0.000000,1.000000,0.000000,0.000000,0.000000,0
1432,1.000000,308,76,1.000000,1.000000,1.000000,1.000000,0.685271,0.000000,0.000000,0.000000,1.000000,0.000000,0.000000,0.000000,0
1436,1.000000,308,76,1.000000,1.000000,1.000000,1.000000,0.683721,0.000000,0.000000,0.000000,1.000000,0.000000,0.000000,0.000000,0
1440,1.000000,308,76,1.000000,1.000000,1.000000,1.000000,0.682171,0.000000,0.000000,0.000000,1.000000,0.000000,0.000000,0.000000,0
1444,1.000000,308,76,1.000000,1.000000,1.000000,1.000000,0.680620,0.000000,0.000000,0.000000,1.000000,0.000000,0.000000,0.000000,0
1448,1.000000,308,76,1.000000,1.000000,1.000000,1.000000,0.679070,0.000000,0.000000,0.000000,1.000000,0.000000,0.000000,0.000000,0
1452,1.000000,308,76,1.000000,1.000000,1.000000,1.000000,0.677519,0.000000,0.000000,0.000000,1.000000,0.000000,0.000000,0.000000,0
1456,1.000000,308,76,1.000000,1.000000,1.000000,1.000000,0.675969,0.000000,0.000000,0.000000,1.000000,0.000000,0.000000,0.000000,0
1460,1.000000,308,76,1.000000,1.000000,1.000000,1.000000,0.674419,0.000000,0.000000,0.000000,1.000000,0.000000,0.000000,0.000000,0
1464,1.000000,308,76,1.000000,1.000000,1.000000,1.000000,0.672868,0.000000,0.000000,0.000000,1.000000,0.000000,0.000000,0.000000,0
1468,1.000000,308,76,1.000000,1.000000,1.000000,1.000000,0.671318,0.000000,0.000000,0.000000,1.000000,0.000000,0.000000,0.000000,0
1472,1.000000,308,76,1.000000,1.000000,1.000000,1.000000,0.669767,0.000000,0.000000,0.000000,1.000000,0.000000,0.000000,0.000000,0
1476,1.000000,308,76,1.000000,1.000000,1.000000,1.000000,0.668217,0.000000,0.000000,0.000000,1.000000,0.000000,0.000000,0.000000,0
1480,1.000000,308,76,1.000000,1.000000,1.000000,1.000000,0.666667,0.000000,0.000000,0.000000,1.000000,0.000000,0.000000,0.000000,0
1484,1.000000,308,76,1.000000,1.000000,1.000000,1.000000,0.665116,0.000000,0.000000,0.000000,1.000000,0.000000,0.000000,0.000000,0
1488,1.000000,308,76,1.000000,1.000000,1.000000,1.000000,0.663566,0.000000,0.000000,0.000000,1.000000,0.000000,0.000000,0.000000,0
1492,1.000000,308,76,1.000000,1.000000,1.000000,1.000000,0.662016,0.000000,0.000000,0.000000,1.000000,0.000000,0.000000,0.000000,0
1496,1.000000,308,76,1.000000,1.000000,1.000000,1.000000,0.660465,0.000000,0.000000,0.000000,1.000000,0.000000,0.000000,0.000000,0
1500,1.000000,308,76,1.000000,1.000000,1.000000,1.000000,0.658915,0.000000,0.000000,0.000000,1.000000,0.000000,0.000000,0.000000,60
1504,1.000000,308,76,1.000000,1.000000,1.000000,1.000000,0.657364,0.000000,0.000000,0.000000,0.999896,0.000000,0.001410,0.000000,60
1508,1.000000,308,76,1.000000,1.000000,1.000000,1.000000,0.655814,0.000000,0.000000,0.000000,0.999555,0.000000,0.005935,0.000000,61
1512,1.000000,308,76,1.000000,1.000000,1.000000,1.000000,0.654264,0.000000,0.000000,0.000000,0.998924,0.000000,0.014092,0.000000,61
1516,1.000000,308,76,1.000000,1.000000,1.000000,1.000000,0.652713,0.000000,0.000000,0.000000,0.997936,0.000000,0.026517,0.000000,62
1520,1.000000,308,76,1.000000,1.000000,1.000000,1.000000,0.651163,0.000000,0.000000,0.000000,0.996503,0.000000,0.043992,0.000000,62
1524,1.000000,308,76,1.000000,1.000000,1.000000,1.000000,0.649612,0.000000,0.000000,0.000000,0.994518,0.000000,0.067470,0.000000,63
1528,1.000000,308,76,1.000000,1.000000,1.000000,1.000000,0.648062,0.000000,0.000000,0.000000,0.991872,0.000000,0.098073,0.000000,63
1532,1.000000,308,76,1.000000,1.000000,1.000000,1.000000,0.646512,0.000000,0.000000,0.000000,0.988506,0.000000,0.137028,0.000000,64
1536,1.000000,308,76,1.000000,1.000000,1.000000,1.000000,0.644961,0.000000,0.000000,0.000000,0.984522,0.000000,0.185443,0.000000,64
1540,1.000000,308,76,1.000000,1.000000,1.000000,1.000000,0.643411,0.000000,0.000000,0.000000,0.980251,0.000000,0.243793,0.000000,65
1544,1.000000,308,76,1.000000,1.000000,1.000000,1.000000,0.641860,0.000000,0.000000,0.000000,0.976117,0.000000,0.311121,0.000000,65
1548,1.000000,308,76,1.000000,1.000000,1.000000,1.000000,0.640310,0.000000,0.000000,0.000000,0.972413,0.000000,0.384417,0.000000,66
1552,1.000000,308,76,1.000000,1.000000,1.000000,1.000000,0.638760,0.000000,0.000000,0.000000,0.969233,0.000000,0.459106,0.000000,66
1556,1.000000,308,76,1.000000,1.000000,1.000000,1.000000,0.637209,0.000000,0.000000,0.000000,0.966553,0.000000,0.530726,0.000000,67
1560,1.000000,308,76,1.000000,1.000000,1.000000,1.000000,0.635659,0.000000,0.000000,0.000000,0.964310,0.000000,0.596366,0.000000,67
1564,1.000000,308,76,1.000000,1.000000,1.000000,1.000000,0.634109,0.000000,0.000000,0.000000,0.962436,0.000000,0.654857,0.000000,68
1568,1.000000,308,76,1.000000,1.000000,1.000000,1.000000,0.632558,0.000000,0.000000,0.000000,0.960873,0.000000,0.706200,0.000000,68
1572,1.000000,308,76,1.000000,1.000000,1.000000,1.000000,0.631008,0.000000,0.000000,0.000000,0.959570,0.000000,0.750950,0.000000,69
1576,1.000000,308,76,1.000000,1.000000,1.000000,1.000000,0.629457,0.000000,0.000000,0.000000,0.958489,0.000000,0.789841,0.000000,69
1580,1.000000,308,76,1.000000,1.000000,1.000000,1.000000,0.627907,0.000000,0.000000,0.000000,0.957598,0.000000,0.823608,0.000000,70
1584,1.000000,308,76,1.000000,1.000000,1.000000,1.000000,0.626357,0.000000,0.000000,0.000000,0.956871,0.000000,0.852909,0.000000,70
1588,1.000000,308,76,1.000000,1.000000,1.000000,1.000000,0.624806,0.000000,0.000000,0.000000,0.956287,0.000000,0.878318,0.000000,71
1592,1.000000,308,76,1.000000,1.000000,1.000000,1.000000,0.623256,0.000000,0.000000,0.000000,0.955829,0.000000,0.900316,0.000000,71
1596,1.000000,308,76,1.000000,1.000000,1.000000,1.000000,0.621705,0.000000,0.000000,0.000000,0.955484,0.000000,0.919312,0.000000,72
1600,1.000000,308,76,1.000000,1.000000,1.000000,1.000000,0.620155,0.000000,0.000000,0.000000,0.955239,0.000000,0.935650,0.000000,72
1604,1.000000,308,76,1.000000,1.000000,1.000000,1.000000,0.618605,0.000000,0.000000,0.000000,0.955083,0.000000,0.949619,0.000000,73
1608,1.000000,308,76,1.000000,1.000000,1.000000,1.000000,0.617054,0.000000,0.000000,0.000000,0.955009,0.000000,0.961466,0.000000,73
1612,1.000000,308,76,1.000000,1.000000,1.000000,1.000000,0.615504,0.000000,0.000000,0.000000,0.957431,0.000000,0.971402,0.000000,74
1616,1.000000,308,76,1.000000,1.000000,1.000000,1.000000,0.613953,0.000000,0.000000,0.000000,0.962015,0.000000,0.979608,0.000000,74
1620,1.000000,308,76,1.000000,1.000000,1.000000,1.000000,0.612403,0.000000,0.000000,0.000000,0.966241,0.000000,0.986240,0.000000,75
1624,1.000000,308,76,1.000000,1.000000,1.000000,1.000000,0.610853,0.000000,0.000000,0.000000,0.970129,0.000000,0.991434,0.000000,75
1628,1.000000,308,76,1.000000,1.000000,1.000000,1.000000,0.609302,0.000000,0.000000,0.000000,0.973697,0.000000,0.995308,0.000000,76
1632,1.000000,308,76,1.000000,1.000000,1.000000,1.000000,0.607752,0.000000,0.000000,0.000000,0.976960,0.000000,0.997968,0.000000,76
1636,1.000000,308,76,1.000000,1.000000,1.000000,1.000000,0.606202,0.000000,0.000000,0.000000,0.979936,0.000000,0.999504,0.000000,77
1640,1.000000,308,76,1.000000,1.000000,1.000000,1.000000,0.604651,0.000000,0.000000,0.000000,0.982639,0.000000,1.000000,0.000000,77
1644,1.000000,308,76,1.000000,1.000000,1.000000,1.000000,0.603101,0.000000,-0.181218,-0.040271,0.985084,0.000000,1.000000,0.099670,78
1648,1.000000,308,76,1.000000,1.000000,1.000000,1.000000,0.601550,0.000000,-0.348511,-0.077447,0.987287,0.000000,1.000000,0.191681,78
1652,1.000000,308,76,1.000000,1.000000,1.000000,1.000000,0.600000,0.000000,-0.502601,-0.111689,0.989260,0.000000,1.000000,0.276430,79
1656,1.000000,308,76,1.000000,1.000000,1.000000,1.000000,0.598450,0.000000,-0.644173,-0.143149,0.991017,0.000000,1.000000,0.354295,79
1660,1.000000,308,76,1.000000,1.000000,1.000000,1.000000,0.596899,0.000000,-0.773880,-0.171973,0.992571,0.000000,1.000000,0.425634,80
1664,1.000000,308,76,1.000000,1.000000,1.000000,1.000000,0.595349,0.000000,-0.892346,-0.198299,0.993936,0.000000,1.000000,0.490790,80
1668,1.000000,308,76,1.000000,1.000000,1.000000,1.000000,0.593798,0.000000,-1.000170,-0.222260,0.995123,0.000000,1.000000,0.550094,81
1672,1.000000,308,76,1.000000,1.000000,1.000000,1.000000,0.592248,0.000000,-1.097928,-0.243984,0.996146,0.000000,1.000000,0.603860,81
1676,1.000000,308,76,1.000000,1.000000,1.000000,1.000000,0.590698,0.000000,-1.186172,-0.263594,0.997016,0.000000,1.000000,0.652395,82
1680,1.000000,308,76,1.000000,1.000000,1.000000,1.000000,0.589147,0.000000,-1.265440,-0.281209,0.997745,0.000000,1.000000,0.695992,82
1684,1.000000,308,76,1.000000,1.000000,1.000000,1.000000,0.587597,0.000000,-1.336252,-0.296945,0.998346,0.000000,1.000000,0.734938,83
1688,1.000000,308,76,1.000000,1.000000,1.000000,1.000000,0.586047,0.000000,-1.399112,-0.310914,0.998831,0.000000,1.000000,0.694025,83
1692,1.000000,308,76,1.000000,1.000000,1.000000,1.000000,0.584496,0.000000,-1.454515,-0.323226,0.999211,0.000000,1.000000,0.630609,84
1696,1.000000,308,76,1.000000,1.000000,1.000000,1.000000,0.582946,0.000000,-1.502945,-0.333988,0.999500,0.000000,1.000000,0.570717,84
1700,1.000000,308,76,1.000000,1.000000,1.000000,1.000000,0.581395,0.000000,-1.544874,-0.343305,0.999708,0.000000,1.000000,0.514227,85
1704,1.000000,308,76,1.000000,1.000000,1.000000,1.000000,0.579845,0.000000,-1.580773,-0.351283,0.999849,0.000000,1.000000,0.461033,85
1708,1.000000,308,76,1.000000,1.000000,1.000000,1.000000,0.578295,0.000000,-1.611103,-0.358023,0.999936,0.000000,1.000000,0.411044,86
1712,1.000000,308,76,1.000000,1.000000,1.000000,1.000000,0.576744,0.000000,-1.636325,-0.363628,0.999981,0.000000,1.000000,0.364179,86
1716,1.000000,308,76,1.000000,1.000000,1.000000,1.000000,0.575194,0.000000,-1.656895,-0.368199,0.999998,0.000000,1.000000,0.320372,87
1720,1.000000,308,76,1.000000,1.000000,1.000000,1.000000,0.573643,0.000000,-1.673274,-0.371839,1.000000,0.000000,1.000000,0.279566,87
1724,1.000000,308,76,1.000000,1.000000,1.000000,1.000000,0.572093,0.000000,-1.685921,-0.374649,1.000000,0.000000,1.000000,0.241717,88
1728,1.000000,308,76,1.000000,1.000000,1.000000,1.000000,0.570543,0.000000,-1.695301,-0.376734,1.000000,0.000000,1.000000,0.206793,88
1732,1.000000,308,76,1.000000,1.000000,1.000000,1.000000,0.568992,0.000000,-1.701884,-0.378196,1.000000,0.000000,1.000000,0.174773,89
1736,1.000000,308,76,1.000000,1.000000,1.000000,1.000000,0.567442,0.000000,-1.706149,-0.379144,1.000000,0.000000,1.000000,0.145646,89
1740,1.000000,308,76,1.000000,1.000000,1.000000,1.000000,0.565891,0.000000,-1.708584,-0.379685,1.000000,0.000000,1.000000,0.119415,90
1744,1.000000,308,76,1.000000,1.000000,1.000000,1.000000,0.564341,0.000000,-1.709691,-0.379931,1.000000,0.000000,1.000000,0.096094,90
1748,1.000000,308,76,1.000000,1.000000,1.000000,1.000000,0.562791,0.000000,-1.709988,-0.379997,1.000000,0.000000,1.000000,0.075708,91
1752,1.000000,308,76,1.000000,1.000000,1.000000,1.000000,0.561240,0.000000,-1.708926,-0.379761,1.000000,0.000000,1.000000,0.057700,91
1756,1.000000,308,76,1.000000,1.000000,1.000000,1.000000,0.559690,0.000000,-1.700065,-0.377792,1.000000,0.000000,1.000000,0.038276,92
1760,1.000000,308,76,1.000000,1.000000,1.000000,1.000000,0.558140,0.000000,-1.681596,-0.373688,1.000000,0.000000,1.000000,0.016188,92
1764,1.000000,308,76,1.000000,1.000000,1.000000,1.000000,0.556589,0.000000,-1.652639,-0.367253,1.000000,0.000000,1.000000,-0.009299,93
1768,1.000000,308,76,1.000000,1.000000,1.000000,1.000000,0.555039,0.000000,-1.612195,-0.358266,1.000000,0.000000,1.000000,-0.038989,93
1772,1.000000,308,76,1.000000,1.000000,1.000000,1.000000,0.553488,0.000000,-1.559118,-0.346471,1.000000,0.000000,1.000000,-0.073766,94
1776,1.000000,308,76,1.000000,1.000000,1.000000,1.000000,0.551938,0.000000,-1.492094,-0.331577,1.000000,0.000000,1.000000,-0.114609,94
1780,1.000000,308,76,1.000000,1.000000,1.000000,1.000000,0.550388,0.000000,-1.409613,-0.313247,1.000000,0.000000,1.000000,-0.162613,95
1784,1.000000,308,76,1.000000,1.000000,1.000000,1.000000,0.548837,0.000000,-1.309927,-0.291095,1.000000,0.000000,1.000000,-0.219006,95
1788,1.000000,308,76,1.000000,1.000000,1.000000,1.000000,0.547287,0.000000,-1.191019,-0.264671,1.000000,0.000000,1.000000,-0.285171,96
1792,1.000000,308,76,1.000000,1.000000,1.000000,1.000000,0.545736,0.000000,-1.050560,-0.233458,1.000000,0.000000,1.000000,-0.362671,96
1796,1.000000,308,76,1.000000,1.000000,1.000000,1.000000,0.544186,0.000000,-0.885873,-0.196861,1.000000,0.000000,1.000000,-0.453123,97
1800,1.000000,308,76,1.000000,1.000000,1.000000,1.000000,0.542636,0.000000,-0.693921,-0.154205,1.000000,0.000000,1.000000,-0.555076,97
1804,1.000000,308,76,1.000000,1.000000,1.000000,1.000000,0.541085,0.000000,-0.471328,-0.104740,1.000000,0.000000,1.000000,-0.668708,98
1808,1.000000,308,76,1.000000,1.000000,1.000000,1.000000,0.539535,0.000000,-0.214506,-0.047668,1.000000,0.000000,1.000000,-0.795524,98
1812,1.000000,308,76,1.000000,1.000000,1.000000,1.000000,0.537984,0.000000,0.080046,0.017788,1.000000,0.000000,1.000000,-0.936919,99
1816,1.000000,308,76,1.000000,1.000000,1.000000,1.000000,0.536434,0.000000,0.415134,0.092252,1.000000,0.000000,1.000000,-1.093826,99
1820,1.000000,308,76,1.000000,1.000000,1.000000,1.000000,0.534884,0.000000,0.791810,0.175958,1.000000,0.000000,1.000000,-1.266126,100
1824,1.000000,308,76,1.000000,1.000000,1.000000,1.000000,0.533333,0.000000,1.207833,0.268407,1.000000,0.000000,1.000000,-1.451783,100
1828,1.000000,308,76,1.000000,1.000000,1.000000,1.000000,0.531783,0.000000,1.656020,0.368005,1.000000,0.000000,1.000000,-1.645923,101
1832,1.000000,308,76,1.000000,1.000000,1.000000,1.000000,0.530233,0.000000,2.123527,0.471895,1.000000,0.000000,1.000000,-1.840408,101
1836,1.000000,308,76,1.000000,1.000000,1.000000,1.000000,0.528682,0.000000,2.593297,0.576288,1.000000,0.000000,1.000000,-2.024623,102
1840,1.000000,308,76,1.000000,1.000000,1.000000,1.000000,0.527132,0.000000,3.047730,0.677273,1.000000,0.000000,1.000000,-2.187463,102
1844,1.000000,308,76,1.000000,1.000000,1.000000,1.000000,0.525581,0.000000,3.472688,0.771708,1.000000,0.000000,1.000000,-2.319533,103
1848,1.000000,308,76,1.000000,1.000000,1.000000,1.000000,0.524031,0.000000,3.859578,0.857684,1.000000,0.000000,1.000000,-2.414292,103
1852,1.000000,308,76,1.000000,1.000000,1.000000,1.000000,0.522481,0.000000,4.205064,0.934459,1.000000,0.000000,1.000000,-2.467950,104
1856,1.000000,308,76,1.000000,1.000000,1.000000,1.000000,0.520930,0.000000,4.509533,1.002119,1.000000,0.000000,1.000000,-2.478760,104
1860,1.000000,308,76,1.000000,1.000000,1.000000,1.000000,0.519380,0.000000,4.775473,1.061216,1.000000,0.000000,1.000000,-2.446407,105
1864,1.000000,308,76,1.000000,1.000000,1.000000,1.000000,0.517829,0.000000,5.006283,1.112507,1.000000,0.000000,1.000000,-2.371870,105
1868,1.000000,308,76,1.000000,1.000000,1.000000,1.000000,0.516279,0.000000,5.205568,1.156793,1.000000,0.000000,1.000000,-2.257824,106
1872,1.000000,308,76,1.000000,1.000000,1.000000,1.000000,0.514729,0.000000,5.376772,1.194838,1.000000,0.000000,1.000000,-2.109362,106
1876,1.000000,308,76,1.000000,1.000000,1.000000,1.000000,0.513178,0.000000,5.523023,1.227338,1.000000,0.000000,1.000000,-1.934511,107
1880,1.000000,308,76,1.000000,1.000000,1.000000,1.000000,0.511628,0.000000,5.647087,1.254908,1.000000,0.000000,1.000000,-1.743747,107
1884,1.000000,308,76,1.000000,1.000000,1.000000,1.000000,0.510078,0.000000,5.751378,1.278084,1.000000,0.000000,1.000000,-1.548227,108
1888,1.000000,308,76,1.000000,1.000000,1.000000,1.000000,0.508527,0.000000,5.837987,1.297330,1.000000,0.000000,1.000000,-1.357514,108
1892,1.000000,308,76,1.000000,1.000000,1.000000,1.000000,0.506977,0.000000,5.908725,1.313050,1.000000,0.000000,1.000000,-1.178122,109
1896,1.000000,308,76,1.000000,1.000000,1.000000,1.000000,0.505426,0.000000,5.965158,1.325591,1.000000,0.000000,1.000000,-1.013407,109
1900,1.000000,308,76,1.000000,1.000000,1.000000,1.000000,0.503876,0.000000,6.008647,1.335255,1.000000,0.000000,1.000000,-0.864325,110
1904,1.000000,308,76,1.000000,1.000000,1.000000,1.000000,0.502326,0.000000,6.040377,1.342306,1.000000,0.000000,1.000000,-0.730375,110
1908,1.000000,308,76,1.000000,1.000000,1.000000,1.000000,0.500775,0.000000,6.061381,1.346974,1.000000,0.000000,1.000000,-0.610338,111
1912,1.000000,308,76,1.000000,1.000000,1.000000,1.000000,0.499225,0.000000,6.072568,1.349460,1.000000,0.000000,1.000000,-0.502732,111
1916,1.000000,308,76,1.000000,1.000000,1.000000,1.000000,0.497674,0.000000,6.074585,1.349908,1.000000,0.000000,1.000000,-0.405988,112
1920,1.000000,308,76,1.000000,1.000000,1.000000,1.000000,0.496124,0.000000,6.064334,1.347630,1.000000,0.000000,1.000000,-0.316630,112
1924,1.000000,308,76,1.000000,1.000000,1.000000,1.000000,0.494574,0.000000,6.039405,1.342090,1.000000,0.000000,1.000000,-0.231765,113
1928,1.000000,308,76,1.000000,1.000000,1.000000,1.000000,0.493023,0.000000,5.998424,1.332983,1.000000,0.000000,1.000000,-0.149262,113
1932,1.000000,308,76,1.000000,1.000000,1.000000,1.000000,0.491473,0.000000,5.939820,1.319960,1.000000,0.000000,1.000000,-0.067062,114
1936,1.000000,308,76,1.000000,1.000000,1.000000,1.000000,0.489922,0.000000,5.861788,1.302620,1.000000,0.000000,1.000000,0.016858,114
1940,1.000000,308,76,1.000000,1.000000,1.000000,1.000000,0.488372,0.000000,5.762252,1.280500,1.000000,0.000000,1.000000,0.104534,115
1944,1.000000,308,76,1.000000,1.000000,1.000000,1.000000,0.486822,0.000000,5.638810,1.253069,1.000000,0.000000,1.000000,0.198061,115
1948,1.000000,308,76,1.000000,1.000000,1.000000,1.000000,0.485271,0.000000,5.488676,1.219706,1.000000,0.000000,1.000000,0.299646,116
1952,1.000000,308,76,1.000000,1.000000,1.000000,1.000000,0.483721,0.000000,5.308619,1.179693,1.000000,0.000000,1.000000,0.411656,116
1956,1.000000,308,76,1.000000,1.000000,1.000000,1.000000,0.482171,0.000000,5.094889,1.132197,1.000000,0.000000,1.000000,0.536667,117
1960,1.000000,308,76,1.000000,1.000000,1.000000,1.000000,0.480620,0.000000,4.843162,1.076258,1.000000,0.000000,1.000000,0.677511,117
1964,1.000000,308,76,1.000000,1.000000,1.000000,1.000000,0.479070,0.000000,4.548516,1.010781,1.000000,0.000000,1.000000,0.835839,118
1968,1.000000,308,76,1.000000,1.000000,1.000000,1.000000,0.477519,0.000000,4.205486,0.934552,1.000000,0.000000,1.000000,1.012880,118
1972,1.000000,308,76,1.000000,1.000000,1.000000,1.000000,0.475969,0.000000,3.808302,0.846289,1.000000,0.000000,1.000000,1.211075,119
1976,1.000000,308,76,1.000000,1.000000,1.000000,1.000000,0.474419,0.000000,3.351466,0.744770,1.000000,0.000000,1.000000,1.432613,119
1980,1.000000,308,76,1.000000,1.000000,1.000000,1.000000,0.472868,0.000000,2.830918,0.629093,1.000000,0.000000,1.000000,1.678770,120
1984,1.000000,308,76,1.000000,1.000000,1.000000,1.000000,0.471318,0.000000,2.246020,0.499116,1.000000,0.000000,1.000000,1.948791,120
1988,1.000000,308,76,1.000000,1.000000,1.000000,1.000000,0.469767,0.000000,1.602319,0.356071,1.000000,0.000000,1.000000,2.238356,121
1992,1.000000,308,76,1.000000,1.000000,1.000000,1.000000,0.468217,0.000000,0.914103,0.203134,1.000000,0.000000,1.000000,2.538127,121
1996,1.000000,308,76,1.000000,1.000000,1.000000,1.000000,0.466667,0.000000,0.204687,0.045486,1.000000,0.000000,1.000000,2.833571,122
2000,1.000000,308,76,1.000000,1.000000,1.000000,1.000000,0.465116,0.000000,-0.497506,-0.110557,1.000000,0.000000,1.000000,3.107065,122
2004,1.000000,308,76,1.000000,1.000000,1.000000,1.000000,0.463566,0.000000,-1.165852,-0.259078,1.000000,0.000000,1.000000,3.341672,123
2008,1.000000,308,76,1.000000,1.000000,1.000000,1.000000,0.462016,0.000000,-1.781346,-0.395855,1.000000,0.000000,1.000000,3.524311,123
2012,1.000000,308,76,1.000000,1.000000,1.000000,1.000000,0.460465,0.000000,-2.334305,-0.518735,1.000000,0.000000,1.000000,3.646720,124
2016,1.000000,308,76,1.000000,1.000000,1.000000,1.000000,0.458915,0.000000,-2.822647,-0.627255,1.000000,0.000000,1.000000,3.704599,124
2020,1.000000,308,76,1.000000,1.000000,1.000000,1.000000,0.457364,0.000000,-3.249023,-0.722005,1.000000,0.000000,1.000000,3.696304,125
2024,1.000000,308,76,1.000000,1.000000,1.000000,1.000000,0.455814,0.000000,-3.618407,-0.804091,1.000000,0.000000,1.000000,3.622054,125
2028,1.000000,308,76,1.000000,1.000000,1.000000,1.000000,0.454264,0.000000,-3.936535,-0.874785,1.000000,0.000000,1.000000,3.484053,126
2032,1.000000,308,76,1.000000,1.000000,1.000000,1.000000,0.452713,0.000000,-4.209069,-0.935349,1.000000,0.000000,1.000000,3.287466,126
2036,1.000000,308,76,1.000000,1.000000,1.000000,1.000000,0.451163,0.000000,-4.441219,-0.986938,1.000000,0.000000,1.000000,3.041724,127
2040,1.000000,308,76,1.000000,1.000000,1.000000,1.000000,0.449612,0.000000,-4.637610,-1.030580,1.000000,0.000000,1.000000,2.761060,127
2044,1.000000,308,76,1.000000,1.000000,1.000000,1.000000,0.448062,0.000000,-4.802270,-1.067171,1.000000,0.000000,1.000000,2.462945,128
2048,1.000000,308,76,1.000000,1.000000,1.000000,1.000000,0.446512,0.000000,-4.938684,-1.097485,1.000000,0.000000,1.000000,2.164548,128
2052,1.000000,308,76,1.000000,1.000000,1.000000,1.000000,0.444961,0.000000,-5.049850,-1.122189,1.000000,0.000000,1.000000,1.879208,129
2056,1.000000,308,76,1.000000,1.000000,1.000000,1.000000,0.443411,0.000000,-5.138355,-1.141857,1.000000,0.000000,1.000000,1.614916,129
2060,1.000000,308,76,1.000000,1.000000,1.000000,1.000000,0.441860,0.000000,-5.206432,-1.156985,1.000000,0.000000,1.000000,1.374946,130
2064,1.000000,308,76,1.000000,1.000000,1.000000,1.000000,0.440310,0.000000,-5.256014,-1.168003,1.000000,0.000000,1.000000,1.159414,130
2068,1.000000,308,76,1.000000,1.000000,1.000000,1.000000,0.438760,0.000000,-5.288786,-1.175286,1.000000,0.000000,1.000000,0.966731,131
2072,1.000000,308,76,1.000000,1.000000,1.000000,1.000000,0.437209,0.000000,-5.306215,-1.179159,1.000000,0.000000,1.000000,0.794597,131
2076,1.000000,308,76,1.000000,1.000000,1.000000,1.000000,0.435659,0.000000,-5.309627,-1.179917,1.000000,0.000000,1.000000,0.640592,132
2080,1.000000,308,76,1.000000,1.000000,1.000000,1.000000,0.434109,0.000000,-5.300383,-1.177863,1.000000,0.000000,1.000000,0.502523,132
2084,1.000000,308,76,1.000000,1.000000,1.000000,1.000000,0.432558,0.000000,-5.277840,-1.172853,1.000000,0.000000,1.000000,0.377413,133
2088,1.000000,308,76,1.000000,1.000000,1.000000,1.000000,0.431008,0.000000,-5.240656,-1.164590,1.000000,0.000000,1.000000,0.262227,133
2092,1.000000,308,76,1.000000,1.000000,1.000000,1.000000,0.429457,0.000000,-5.187287,-1.152730,1.000000,0.000000,1.000000,0.154127,134
2096,1.000000,308,76,1.000000,1.000000,1.000000,1.000000,0.427907,0.000000,-5.115938,-1.136875,1.000000,0.000000,1.000000,0.050414,134
2100,1.000000,308,76,1.000000,1.000000,1.000000,1.000000,0.426357,0.000000,-5.024525,-1.116561,1.000000,0.000000,1.000000,-0.051536,135
2104,1.000000,308,76,1.000000,1.000000,1.000000,1.000000,0.424806,0.000000,-4.910606,-1.091246,1.000000,0.000000,1.000000,-0.154336,135
2108,1.000000,308,76,1.000000,1.000000,1.000000,1.000000,0.423256,0.000000,-4.771324,-1.060294,1.000000,0.000000,1.000000,-0.260663,136
2112,1.000000,308,76,1.000000,1.000000,1.000000,1.000000,0.421705,0.000000,-4.603329,-1.022962,1.000000,0.000000,1.000000,-0.373316,136
2116,1.000000,308,76,1.000000,1.000000,1.000000,1.000000,0.420155,0.000000,-4.402706,-0.978379,1.000000,0.000000,1.000000,-0.495284,137
2120,1.000000,308,76,1.000000,1.000000,1.000000,1.000000,0.418605,0.000000,-4.164935,-0.925541,1.000000,0.000000,1.000000,-0.629786,137
2124,1.000000,308,76,1.000000,1.000000,1.000000,1.000000,0.417054,0.000000,-3.884907,-0.863313,1.000000,0.000000,1.000000,-0.780442,138
2128,1.000000,308,76,1.000000,1.000000,1.000000,1.000000,0.415504,0.000000,-3.557127,-0.790473,1.000000,0.000000,1.000000,-0.950216,138
2132,1.000000,308,76,1.000000,1.000000,1.000000,1.000000,0.413953,0.000000,-3.176243,-0.705832,1.000000,0.000000,1.000000,-1.141340,139
2136,1.000000,308,76,1.000000,1.000000,1.000000,1.000000,0.412403,0.000000,-2.738214,-0.608492,1.000000,0.000000,1.000000,-1.355214,139
2140,1.000000,308,76,1.000000,1.000000,1.000000,1.000000,0.410853,0.000000,-2.242404,-0.498312,1.000000,0.000000,1.000000,-1.591241,140
2144,1.000000,308,76,1.000000,1.000000,1.000000,1.000000,0.409302,0.000000,-1.694544,-0.376565,1.000000,0.000000,1.000000,-1.845163,140
2148,1.000000,308,76,1.000000,1.000000,1.000000,1.000000,0.407752,0.000000,-1.109410,-0.246535,1.000000,0.000000,1.000000,-2.107564,141
2152,1.000000,308,76,1.000000,1.000000,1.000000,1.000000,0.406202,0.000000,-0.510590,-0.113465,1.000000,0.000000,1.000000,-2.363958,141
2156,1.000000,308,76,1.000000,1.000000,1.000000,1.000000,0.404651,0.000000,0.074544,0.016565,1.000000,0.000000,1.000000,-2.597522,142
2160,1.000000,308,76,1.000000,1.000000,1.000000,1.000000,0.403101,0.000000,0.622404,0.138312,1.000000,0.000000,1.000000,-2.793209,142
2164,1.000000,308,76,1.000000,1.000000,1.000000,1.000000,0.401550,0.000000,1.118214,0.248492,1.000000,0.000000,1.000000,-2.940490,143
2168,1.000000,308,76,1.000000,1.000000,1.000000,1.000000,0.400000,0.000000,1.556243,0.345832,1.000000,0.000000,1.000000,-3.033479,143
2172,1.000000,308,76,1.000000,1.000000,1.000000,1.000000,0.398450,0.000000,1.937127,0.430473,1.000000,0.000000,1.000000,-3.069538,144
2176,1.000000,308,76,1.000000,1.000000,1.000000,1.000000,0.396899,0.000000,2.264907,0.503313,1.000000,0.000000,1.000000,-3.047885,144
2180,1.000000,308,76,1.000000,1.000000,1.000000,1.000000,0.395349,0.000000,2.544935,0.565541,1.000000,0.000000,1.000000,-2.968973,145
2184,1.000000,308,76,1.000000,1.000000,1.000000,1.000000,0.393798,0.000000,2.782706,0.618379,1.000000,0.000000,1.000000,-2.834868,145
2188,1.000000,308,76,1.000000,1.000000,1.000000,1.000000,0.392248,0.000000,2.983329,0.662962,1.000000,0.000000,1.000000,-2.650493,146
2192,1.000000,308,76,1.000000,1.000000,1.000000,1.000000,0.390698,0.000000,3.151324,0.700294,1.000000,0.000000,1.000000,-2.425138,146
2196,1.000000,308,76,1.000000,1.000000,1.000000,1.000000,0.389147,0.000000,3.290606,0.731246,1.000000,0.000000,1.000000,-2.172874,147
2200,1.000000,308,76,1.000000,1.000000,1.000000,1.000000,0.387597,0.000000,3.404525,0.756561,1.000000,0.000000,1.000000,-1.910459,147
2204,1.000000,308,76,1.000000,1.000000,1.000000,1.000000,0.386047,0.000000,3.495938,0.776875,1.000000,0.000000,1.000000,-1.653316,148
2208,1.000000,308,76,1.000000,1.000000,1.000000,1.000000,0.384496,0.000000,3.567287,0.792730,1.000000,0.000000,1.000000,-1.412234,148
2212,1.000000,308,76,1.000000,1.000000,1.000000,1.000000,0.382946,0.000000,3.620656,0.804590,1.000000,0.000000,1.000000,-1.192653,149
2216,1.000000,308,76,1.000000,1.000000,1.000000,1.000000,0.381395,0.000000,3.657840,0.812853,1.000000,0.000000,1.000000,-0.995920,149
2220,1.000000,308,76,1.000000,1.000000,1.000000,1.000000,0.379845,0.000000,3.680383,0.817863,1.000000,0.000000,1.000000,-0.821000,150
2224,1.000000,308,76,1.000000,1.000000,1.000000,1.000000,0.378295,0.000000,3.689627,0.819917,1.000000,0.000000,1.000000,-0.665790,150
2228,1.000000,308,76,1.000000,1.000000,1.000000,1.000000,0.376744,0.000000,3.687472,0.819438,1.000000,0.000000,1.000000,-0.528294,151
2232,1.000000,308,76,1.000000,1.000000,1.000000,1.000000,0.375194,0.000000,3.675767,0.816837,1.000000,0.000000,1.000000,-0.406653,151
2236,1.000000,308,76,1.000000,1.000000,1.000000,1.000000,0.373643,0.000000,3.653609,0.811913,1.000000,0.000000,1.000000,-0.297797,152
2240,1.000000,308,76,1.000000,1.000000,1.000000,1.000000,0.372093,0.000000,3.619830,0.804407,1.000000,0.000000,1.000000,-0.198849,152
2244,1.000000,308,76,1.000000,1.000000,1.000000,1.000000,0.370543,0.000000,3.573062,0.794014,1.000000,0.000000,1.000000,-0.107142,153
2248,1.000000,308,76,1.000000,1.000000,1.000000,1.000000,0.368992,0.000000,3.511698,0.780377,1.000000,0.000000,1.000000,-0.020154,153
2252,1.000000,308,76,1.000000,1.000000,1.000000,1.000000,0.367442,0.000000,3.433840,0.763076,1.000000,0.000000,1.000000,0.064554,154
2256,1.000000,308,76,1.000000,1.000000,1.000000,1.000000,0.365891,0.000000,3.337239,0.741609,1.000000,0.000000,1.000000,0.149412,154
2260,1.000000,308,76,1.000000,1.000000,1.000000,1.000000,0.364341,0.000000,3.219229,0.715384,1.000000,0.000000,1.000000,0.236909,155
2264,1.000000,308,76,1.000000,1.000000,1.000000,1.000000,0.362791,0.000000,3.076661,0.683702,1.000000,0.000000,1.000000,0.329661,155
2268,1.000000,308,76,1.000000,1.000000,1.000000,1.000000,0.361240,0.000000,2.905870,0.645749,1.000000,0.000000,1.000000,0.430445,156
2272,1.000000,308,76,1.000000,1.000000,1.000000,1.000000,0.359690,0.000000,2.702716,0.600604,1.000000,0.000000,1.000000,0.542393,156
2276,1.000000,308,76,1.000000,1.000000,1.000000,1.000000,0.358140,0.000000,2.462820,0.547293,1.000000,0.000000,1.000000,0.669246,157
2280,1.000000,308,76,1.000000,1.000000,1.000000,1.000000,0.356589,0.000000,2.182206,0.484935,1.000000,0.000000,1.000000,0.812891,157
2284,1.000000,308,76,1.000000,1.000000,1.000000,1.000000,0.355039,0.000000,1.858656,0.413035,1.000000,0.000000,1.000000,0.973929,158
2288,1.000000,308,76,1.000000,1.000000,1.000000,1.000000,0.353488,0.000000,1.494013,0.332003,1.000000,0.000000,1.000000,1.150623,158
2292,1.000000,308,76,1.000000,1.000000,1.000000,1.000000,0.351938,0.000000,1.096911,0.243758,1.000000,0.000000,1.000000,1.337377,159
2296,1.000000,308,76,1.000000,1.000000,1.000000,1.000000,0.350388,0.000000,0.683898,0.151977,1.000000,0.000000,1.000000,1.524088,159
2300,1.000000,308,76,1.000000,1.000000,1.000000,1.000000,0.348837,0.000000,0.276341,0.061409,1.000000,0.000000,1.000000,1.697819,160
2304,1.000000,308,76,1.000000,1.000000,1.000000,1.000000,0.347287,0.000000,-0.106118,-0.023582,1.000000,0.000000,1.000000,1.846361,160
2308,1.000000,308,76,1.000000,1.000000,1.000000,1.000000,0.345736,0.000000,-0.450811,-0.100180,1.000000,0.000000,1.000000,1.961084,161
2312,1.000000,308,76,1.000000,1.000000,1.000000,1.000000,0.344186,0.000000,-0.752805,-0.167290,1.000000,0.000000,1.000000,2.037331,161
2316,1.000000,308,76,1.000000,1.000000,1.000000,1.000000,0.342636,0.000000,-1.012630,-0.225029,1.000000,0.000000,1.000000,2.073175,162
2320,1.000000,308,76,1.000000,1.000000,1.000000,1.000000,0.341085,0.000000,-1.233611,-0.274136,1.000000,0.000000,1.000000,2.068046,162
2324,1.000000,308,76,1.000000,1.000000,1.000000,1.000000,0.339535,0.000000,-1.420042,-0.315565,1.000000,0.000000,1.000000,2.022014,163
2328,1.000000,308,76,1.000000,1.000000,1.000000,1.000000,0.337984,0.000000,-1.576231,-0.350274,1.000000,0.000000,1.000000,1.935887,163
2332,1.000000,308,76,1.000000,1.000000,1.000000,1.000000,0.336434,0.000000,-1.706095,-0.379132,1.000000,0.000000,1.000000,1.812132,164
2336,1.000000,308,76,1.000000,1.000000,1.000000,1.000000,0.334884,0.000000,-1.813039,-0.402898,1.000000,0.000000,1.000000,1.656318,164
2340,1.000000,308,76,1.000000,1.000000,1.000000,1.000000,0.333333,0.000000,-1.899962,-0.422214,1.000000,0.000000,1.000000,1.478104,165
2344,1.000000,308,76,1.000000,1.000000,1.000000,1.000000,0.331783,0.000000,-1.969315,-0.437626,1.000000,0.000000,1.000000,1.290227,165
2348,1.000000,308,76,1.000000,1.000000,1.000000,1.000000,0.330233,0.000000,-2.023163,-0.449592,1.000000,0.000000,1.000000,1.105210,166
2352,1.000000,308,76,1.000000,1.000000,1.000000,1.000000,0.328682,0.000000,-2.063252,-0.458501,1.000000,0.000000,1.000000,0.932079,166
2356,1.000000,308,76,1.000000,1.000000,1.000000,1.000000,0.327132,0.000000,-2.091063,-0.464681,1.000000,0.000000,1.000000,0.775344,167
2360,1.000000,308,76,1.000000,1.000000,1.000000,1.000000,0.325581,0.000000,-2.107860,-0.468413,1.000000,0.000000,1.000000,0.636013,167
2364,1.000000,308,76,1.000000,1.000000,1.000000,1.000000,0.324031,0.000000,-2.114724,-0.469939,1.000000,0.000000,1.000000,0.513120,168
2368,1.000000,308,76,1.000000,1.000000,1.000000,1.000000,0.322481,0.000000,-2.113497,-0.469666,1.000000,0.000000,1.000000,0.405385,168
2372,1.000000,308,76,1.000000,1.000000,1.000000,1.000000,0.320930,0.000000,-2.106516,-0.468115,1.000000,0.000000,1.000000,0.311696,169
2376,1.000000,308,76,1.000000,1.000000,1.000000,1.000000,0.319380,0.000000,-2.093243,-0.465165,1.000000,0.000000,1.000000,0.229538,169
2380,1.000000,308,76,1.000000,1.000000,1.000000,1.000000,0.317829,0.000000,-2.072912,-0.460647,1.000000,0.000000,1.000000,0.156545,170
2384,1.000000,308,76,1.000000,1.000000,1.000000,1.000000,0.316279,0.000000,-2.044613,-0.454358,1.000000,0.000000,1.000000,0.090555,170
2388,1.000000,308,76,1.000000,1.000000,1.000000,1.000000,0.314729,0.000000,-2.007261,-0.446058,1.000000,0.000000,1.000000,0.029566,171
2392,1.000000,308,76,1.000000,1.000000,1.000000,1.000000,0.313178,0.000000,-1.959557,-0.435457,1.000000,0.000000,1.000000,-0.028324,171
2396,1.000000,308,76,1.000000,1.000000,1.000000,1.000000,0.311628,0.000000,-1.899939,-0.422209,1.000000,0.000000,1.000000,-0.084973,172
2400,1.000000,308,76,1.000000,1.000000,1.000000,1.000000,0.310078,0.000000,-1.826537,-0.405897,1.000000,0.000000,1.000000,-0.142259,172
2404,1.000000,308,76,1.000000,1.000000,1.000000,1.000000,0.308527,0.000000,-1.737128,-0.386029,1.000000,0.000000,1.000000,-0.202126,173
2408,1.000000,308,76,1.000000,1.000000,1.000000,1.000000,0.306977,0.000000,-1.629150,-0.362033,1.000000,0.000000,1.000000,-0.266604,173
2412,1.000000,308,76,1.000000,1.000000,1.000000,1.000000,0.305426,0.000000,-1.499819,-0.333293,1.000000,0.000000,1.000000,-0.337985,174
2416,1.000000,308,76,1.000000,1.000000,1.000000,1.000000,0.303876,0.000000,-1.346537,-0.299231,1.000000,0.000000,1.000000,-0.419257,174
2420,1.000000,308,76,1.000000,1.000000,1.000000,1.000000,0.302326,0.000000,-1.167818,-0.259515,1.000000,0.000000,1.000000,-0.511155,175
2424,1.000000,308,76,1.000000,1.000000,1.000000,1.000000,0.300775,0.000000,-0.964943,-0.214432,1.000000,0.000000,1.000000,-0.612568,175
2428,1.000000,308,76,1.000000,1.000000,1.000000,1.000000,0.299225,0.000000,-0.743932,-0.165318,1.000000,0.000000,1.000000,-0.719707,176
2432,1.000000,308,76,1.000000,1.000000,1.000000,1.000000,0.297674,0.000000,-0.516068,-0.114682,1.000000,0.000000,1.000000,-0.825796,176
2436,1.000000,308,76,1.000000,1.000000,1.000000,1.000000,0.296124,0.000000,-0.295057,-0.065568,1.000000,0.000000,1.000000,-0.922612,177
2440,1.000000,308,76,1.000000,1.000000,1.000000,1.000000,0.294574,0.000000,-0.092182,-0.020485,1.000000,0.000000,1.000000,-1.003131,177
2444,1.000000,308,76,1.000000,1.000000,1.000000,1.000000,0.293023,0.000000,0.086537,0.019231,1.000000,0.000000,1.000000,-1.063058,178
2448,1.000000,308,76,1.000000,1.000000,1.000000,1.000000,0.291473,0.000000,0.239819,0.053293,1.000000,0.000000,1.000000,-1.100514,178
2452,1.000000,308,76,1.000000,1.000000,1.000000,1.000000,0.289922,0.000000,0.369150,0.082033,1.000000,0.000000,1.000000,-1.114953,179
2456,1.000000,308,76,1.000000,1.000000,1.000000,1.000000,0.288372,0.000000,0.477128,0.106029,1.000000,0.000000,1.000000,-1.106289,179
2460,1.000000,308,76,1.000000,1.000000,1.000000,1.000000,0.286822,0.000000,0.566537,0.125897,1.000000,0.000000,1.000000,-1.074564,180
2464,1.000000,308,76,1.000000,1.000000,1.000000,1.000000,0.285271,0.000000,0.639939,0.142209,1.000000,0.000000,1.000000,-1.020150,180
2468,1.000000,308,76,1.000000,1.000000,1.000000,1.000000,0.283721,0.000000,0.699557,0.155457,1.000000,0.000000,1.000000,-0.944487,181
2472,1.000000,308,76,1.000000,1.000000,1.000000,1.000000,0.282171,0.000000,0.747261,0.166058,1.000000,0.000000,1.000000,-0.851183,181
2476,1.000000,308,76,1.000000,1.000000,1.000000,1.000000,0.280620,0.000000,0.784613,0.174358,1.000000,0.000000,1.000000,-0.746644,182
2480,1.000000,308,76,1.000000,1.000000,1.000000,1.000000,0.279070,0.000000,0.812912,0.180647,1.000000,0.000000,1.000000,-0.639035,182
2484,1.000000,308,76,1.000000,1.000000,1.000000,1.000000,0.277519,0.000000,0.833243,0.185165,1.000000,0.000000,1.000000,-0.535711,183
2488,1.000000,308,76,1.000000,1.000000,1.000000,1.000000,0.275969,0.000000,0.846516,0.188115,1.000000,0.000000,1.000000,-0.441243,183
2492,1.000000,308,76,1.000000,1.000000,1.000000,1.000000,0.274419,0.000000,0.853497,0.189666,1.000000,0.000000,1.000000,-0.357316,184
2496,1.000000,308,76,1.000000,1.000000,1.000000,1.000000,0.272868,0.000000,0.830575,0.184572,1.000000,0.000000,1.000000,-0.270406,184
2500,1.000000,308,76,1.000000,1.000000,1.000000,1.000000,0.271318,0.000000,0.737774,0.163950,1.000000,0.000000,1.000000,-0.157186,185
2504,1.000000,308,76,1.000000,1.000000,1.000000,1.000000,0.269767,0.000000,0.652489,0.144998,1.000000,0.000000,1.000000,-0.058690,185
2508,1.000000,308,76,1.000000,1.000000,1.000000,1.000000,0.268217,0.000000,0.574313,0.127625,1.000000,0.000000,1.000000,0.026757,186
2512,1.000000,308,76,1.000000,1.000000,1.000000,1.000000,0.266667,0.000000,0.502859,0.111747,1.000000,0.000000,1.000000,0.100638,186
2516,1.000000,308,76,1.000000,1.000000,1.000000,1.000000,0.265116,0.000000,0.437760,0.097280,1.000000,0.000000,1.000000,0.164231,187
2520,1.000000,308,76,1.000000,1.000000,1.000000,1.000000,0.263566,0.000000,0.378663,0.084147,1.000000,0.000000,1.000000,0.218629,187
2524,1.000000,308,76,1.000000,1.000000,1.000000,1.000000,0.262016,0.000000,0.325232,0.072274,1.000000,0.000000,1.000000,0.264765,188
2528,1.000000,308,76,1.000000,1.000000,1.000000,1.000000,0.260465,0.000000,0.277143,0.061587,1.000000,0.000000,1.000000,0.303442,188
2532,1.000000,308,76,1.000000,1.000000,1.000000,1.000000,0.258915,0.000000,0.234084,0.052019,1.000000,0.000000,1.000000,0.335352,189
2536,1.000000,308,76,1.000000,1.000000,1.000000,1.000000,0.257364,0.000000,0.195753,0.043501,1.000000,0.000000,1.000000,0.361103,189
2540,1.000000,308,76,1.000000,1.000000,1.000000,1.000000,0.255814,0.000000,0.161857,0.035968,1.000000,0.000000,1.000000,0.381229,190
2544,1.000000,308,76,1.000000,1.000000,1.000000,1.000000,0.254264,0.000000,0.132111,0.029358,1.000000,0.000000,1.000000,0.345478,190
2548,1.000000,308,76,1.000000,1.000000,1.000000,1.000000,0.252713,0.000000,0.106235,0.023608,1.000000,0.000000,1.000000,0.311791,191
2552,1.000000,308,76,1.000000,1.000000,1.000000,1.000000,0.251163,0.000000,0.083958,0.018657,1.000000,0.000000,1.000000,0.280090,191
2556,1.000000,308,76,1.000000,1.000000,1.000000,1.000000,0.249612,0.000000,0.065008,0.014446,1.000000,0.000000,1.000000,0.250308,192
2560,1.000000,308,76,1.000000,1.000000,1.000000,1.000000,0.248062,0.000000,0.049119,0.010915,1.000000,0.000000,1.000000,0.222387,192
2564,1.000000,308,76,1.000000,1.000000,1.000000,1.000000,0.246512,0.000000,0.036029,0.008006,1.000000,0.000000,1.000000,0.196276,193
2568,1.000000,308,76,1.000000,1.000000,1.000000,1.000000,0.244961,0.000000,0.025472,0.005660,1.000000,0.000000,1.000000,0.171933,193
2572,1.000000,308,76,1.000000,1.000000,1.000000,1.000000,0.243411,0.000000,0.017186,0.003819,1.000000,0.000000,1.000000,0.149323,194
2576,1.000000,308,76,1.000000,1.000000,1.000000,1.000000,0.241860,0.000000,0.010905,0.002423,1.000000,0.000000,1.000000,0.128419,194
2580,1.000000,308,76,1.000000,1.000000,1.000000,1.000000,0.240310,0.000000,0.006362,0.001414,1.000000,0.000000,1.000000,0.109201,195
2584,1.000000,308,76,1.000000,1.000000,1.000000,1.000000,0.238760,0.000000,0.003285,0.000730,1.000000,0.000000,1.000000,0.091655,195
2588,1.000000,308,76,1.000000,1.000000,1.000000,1.000000,0.237209,0.000000,0.001399,0.000311,1.000000,0.000000,1.000000,0.075776,196
2592,1.000000,308,76,1.000000,1.000000,1.000000,1.000000,0.235659,0.000000,0.000418,0.000093,1.000000,0.000000,1.000000,0.061566,196
2596,1.000000,308,76,1.000000,1.000000,1.000000,1.000000,0.234109,0.000000,0.000053,0.000012,1.000000,0.000000,1.000000,0.049033,197
2600,1.000000,308,76,1.000000,1.000000,1.000000,1.000000,0.232558,0.000000,0.000000,0.000000,1.000000,0.000000,1.000000,0.038196,197
2604,1.000000,308,76,1.000000,1.000000,1.000000,1.000000,0.231008,0.000000,0.000000,0.000000,1.000000,0.000000,0.945967,0.029050,198
2608,1.000000,308,76,1.000000,1.000000,1.000000,1.000000,0.229457,0.000000,0.000000,0.000000,1.000000,0.000000,0.894025,0.021479,198
2612,1.000000,308,76,1.000000,1.000000,1.000000,1.000000,0.227907,0.000000,0.000000,0.000000,1.000000,0.000000,0.844118,0.015338,199
2616,1.000000,308,76,1.000000,1.000000,1.000000,1.000000,0.226357,0.000000,0.000000,0.000000,1.000000,0.000000,0.796193,0.010482,199
2620,1.000000,308,76,1.000000,1.000000,1.000000,1.000000,0.224806,0.000000,0.000000,0.000000,1.000000,0.000000,0.750197,0.006766,200
2624,1.000000,308,76,1.000000,1.000000,1.000000,1.000000,0.223256,0.000000,0.000000,0.000000,1.000000,0.000000,0.706081,0.004042,200
2628,1.000000,308,76,1.000000,1.000000,1.000000,1.000000,0.221705,0.000000,0.000000,0.000000,1.000000,0.000000,0.663795,0.002163,201
2632,1.000000,308,76,1.000000,1.000000,1.000000,1.000000,0.220155,0.000000,0.000000,0.000000,1.000000,0.000000,0.623291,0.000976,201
2636,1.000000,308,76,1.000000,1.000000,1.000000,1.000000,0.218605,0.000000,0.000000,0.000000,1.000000,0.000000,0.584521,0.000327,202
2640,1.000000,308,76,1.000000,1.000000,1.000000,1.000000,0.217054,0.000000,0.000000,0.000000,1.000000,0.000000,0.547439,0.000057,202
2644,1.000000,308,76,1.000000,1.000000,1.000000,1.000000,0.215504,0.000000,0.000000,0.000000,1.000000,0.000000,0.512000,0.000000,203
2648,1.000000,308,76,1.000000,1.000000,1.000000,1.000000,0.213953,0.000000,0.000000,0.000000,1.000000,0.000000,0.478160,0.000000,203
2652,1.000000,308,76,1.000000,1.000000,1.000000,1.000000,0.212403,0.000000,0.000000,0.000000,1.000000,0.000000,0.445876,0.000000,204
2656,1.000000,308,76,1.000000,1.000000,1.000000,1.000000,0.210853,0.000000,0.000000,0.000000,1.000000,0.000000,0.415105,0.000000,204
2660,1.000000,308,76,1.000000,1.000000,1.000000,1.000000,0.209302,0.000000,0.000000,0.000000,1.000000,0.000000,0.385806,0.000000,205
2664,1.000000,308,76,1.000000,1.000000,1.000000,1.000000,0.207752,0.000000,0.000000,0.000000,1.000000,0.000000,0.357937,0.000000,205
2668,1.000000,308,76,1.000000,1.000000,1.000000,1.000000,0.206202,0.000000,0.000000,0.000000,1.000000,0.000000,0.331459,0.000000,206
2672,1.000000,308,76,1.000000,1.000000,1.000000,1.000000,0.204651,0.000000,0.000000,0.000000,1.000000,0.000000,0.306332,0.000000,206
2676,1.000000,308,76,1.000000,1.000000,1.000000,1.000000,0.203101,0.000000,0.000000,0.000000,1.000000,0.000000,0.282517,0.000000,207
2680,1.000000,308,76,1.000000,1.000000,1.000000,1.000000,0.201550,0.000000,0.000000,0.000000,1.000000,0.000000,0.259976,0.000000,207
2684,1.000000,308,76,1.000000,1.000000,1.000000,1.000000,0.200000,0.000000,0.000000,0.000000,1.000000,0.000000,0.238672,0.000000,208
2688,1.000000,308,76,1.000000,1.000000,1.000000,1.000000,0.198450,0.000000,0.000000,0.000000,1.000000,0.000000,0.218566,0.000000,208
2692,1.000000,308,76,1.000000,1.000000,1.000000,1.000000,0.196899,0.000000,0.000000,0.000000,1.000000,0.000000,0.199623,0.000000,209
2696,1.000000,308,76,1.000000,1.000000,1.000000,1.000000,0.195349,0.000000,0.000000,0.000000,1.000000,0.000000,0.181806,0.000000,209
2700,1.000000,308,76,1.000000,1.000000,1.000000,1.000000,0.193798,0.000000,0.000000,0.000000,1.000000,0.000000,0.165079,0.000000,210
2704,1.000000,308,76,1.000000,1.000000,1.000000,1.000000,0.192248,0.000000,0.000000,0.000000,1.000000,0.000000,0.149406,0.000000,210
2708,1.000000,308,76,1.000000,1.000000,1.000000,1.000000,0.190698,0.000000,0.000000,0.000000,1.000000,0.000000,0.134753,0.000000,211
2712,1.000000,308,76,1.000000,1.000000,1.000000,1.000000,0.189147,0.000000,0.000000,0.000000,1.000000,0.000000,0.121085,0.000000,211
2716,1.000000,308,76,1.000000,1.000000,1.000000,1.000000,0.187597,0.000000,0.000000,0.000000,1.000000,0.000000,0.108367,0.000000,212
2720,1.000000,308,76,1.000000,1.000000,1.000000,1.000000,0.186047,0.000000,0.000000,0.000000,1.000000,0.000000,0.096565,0.000000,212
2724,1.000000,308,76,1.000000,1.000000,1.000000,1.000000,0.184496,0.000000,0.000000,0.000000,1.000000,0.000000,0.085644,0.000000,213
2728,1.000000,308,76,1.000000,1.000000,1.000000,1.000000,0.182946,0.000000,0.000000,0.000000,1.000000,0.000000,0.075571,0.000000,213
2732,1.000000,308,76,1.000000,1.000000,1.000000,1.000000,0.181395,0.000000,0.000000,0.000000,1.000000,0.000000,0.066313,0.000000,214
2736,1.000000,308,76,1.000000,1.000000,1.000000,1.000000,0.179845,0.000000,0.000000,0.000000,1.000000,0.000000,0.057834,0.000000,214
2740,1.000000,308,76,1.000000,1.000000,1.000000,1.000000,0.178295,0.000000,0.000000,0.000000,1.000000,0.000000,0.050103,0.000000,215
2744,1.000000,308,76,1.000000,1.000000,1.000000,1.000000,0.176744,0.000000,0.000000,0.000000,1.000000,0.000000,0.043085,0.000000,215
2748,1.000000,308,76,1.000000,1.000000,1.000000,1.000000,0.175194,0.000000,0.000000,0.000000,1.000000,0.000000,0.036747,0.000000,216
2752,1.000000,308,76,1.000000,1.000000,1.000000,1.000000,0.173643,0.000000,0.000000,0.000000,1.000000,0.000000,0.031055,0.000000,216
2756,1.000000,308,76,1.000000,1.000000,1.000000,1.000000,0.172093,0.000000,0.000000,0.000000,1.000000,0.000000,0.025977,0.000000,217
2760,1.000000,308,76,1.000000,1.000000,1.000000,1.000000,0.170543,0.000000,0.000000,0.000000,1.000000,0.000000,0.021477,0.000000,217
2764,1.000000,308,76,1.000000,1.000000,1.000000,1.000000,0.168992,0.000000,0.000000,0.000000,1.000000,0.000000,0.017523,0.000000,218
2768,1.000000,308,76,1.000000,1.000000,1.000000,1.000000,0.167442,0.000000,0.000000,0.000000,1.000000,0.000000,0.014081,0.000000,218
2772,1.000000,308,76,1.000000,1.000000,1.000000,1.000000,0.165891,0.000000,0.000000,0.000000,1.000000,0.000000,0.011117,0.000000,219
2776,1.000000,308,76,1.000000,1.000000,1.000000,1.000000,0.164341,0.000000,0.000000,0.000000,1.000000,0.000000,0.008596,0.000000,219
2780,1.000000,308,76,1.000000,1.000000,1.000000,1.000000,0.162791,0.000000,0.000000,0.000000,1.000000,0.000000,0.006484,0.000000,220
2784,1.000000,308,76,1.000000,1.000000,1.000000,1.000000,0.161240,0.000000,0.000000,0.000000,1.000000,0.000000,0.004746,0.000000,220
2788,1.000000,308,76,1.000000,1.000000,1.000000,1.000000,0.159690,0.000000,0.000000,0.000000,1.000000,0.000000,0.003348,0.000000,221
2792,1.000000,308,76,1.000000,1.000000,1.000000,1.000000,0.158140,0.000000,0.000000,0.000000,1.000000,0.000000,0.002252,0.000000,221
2796,1.000000,308,76,1.000000,1.000000,1.000000,1.000000,0.156589,0.000000,0.000000,0.000000,1.000000,0.000000,0.001425,0.000000,222
2800,1.000000,308,76,1.000000,1.000000,1.000000,1.000000,0.155039,0.000000,0.000000,0.000000,1.000000,0.000000,0.000828,0.000000,222
2804,1.000000,308,76,1.000000,1.000000,1.000000,1.000000,0.153488,0.000000,0.000000,0.000000,1.000000,0.000000,0.000426,0.000000,223
2808,1.000000,308,76,1.000000,1.000000,1.000000,1.000000,0.151938,0.000000,0.000000,0.000000,1.000000,0.000000,0.000181,0.000000,223
2812,1.000000,308,76,1.000000,1.000000,1.000000,1.000000,0.150388,0.000000,0.000000,0.000000,1.000000,0.000000,0.000054,0.000000,224
2816,1.000000,308,76,1.000000,1.000000,1.000000,1.000000,0.148837,0.000000,0.000000,0.000000,1.000000,0.000000,0.000007,0.000000,224
2820,1.000000,308,76,1.000000,1.000000,1.000000,1.000000,0.147287,0.000000,0.000000,0.000000,1.000000,0.000000,0.000000,0.000000,225
2824,1.000000,308,76,1.000000,1.000000,1.000000,1.000000,0.145736,0.000000,0.000000,0.000000,1.000000,0.000000,0.000000,0.000000,225
2828,1.000000,308,76,1.000000,1.000000,1.000000,1.000000,0.144186,0.000000,0.000000,0.000000,1.000000,0.000000,0.000000,0.000000,0
2832,1.000000,308,76,1.000000,1.000000,1.000000,1.000000,0.142636,0.000000,0.000000,0.000000,1.000000,0.000000,0.000000,0.000000,0
2836,1.000000,308,76,1.000000,1.000000,1.000000,1.000000,0.141085,0.000000,0.000000,0.000000,1.000000,0.000000,0.000000,0.000000,0
2840,1.000000,308,76,1.000000,1.000000,1.000000,1.000000,0.139535,0.000000,0.000000,0.000000,1.000000,0.000000,0.000000,0.000000,0
2844,1.000000,308,76,1.000000,1.000000,1.000000,1.000000,0.137984,0.000000,0.000000,0.000000,1.000000,0.000000,0.000000,0.000000,0
2848,1.000000,308,76,1.000000,1.000000,1.000000,1.000000,0.136434,0.000000,0.000000,0.000000,1.000000,0.000000,0.000000,0.000000,0
2852,1.000000,308,76,1.000000,1.000000,1.000000,1.000000,0.134884,0.000000,0.000000,0.000000,1.000000,0.000000,0.000000,0.000000,0
2856,1.000000,308,76,1.000000,1.000000,1.000000,1.000000,0.133333,0.000000,0.000000,0.000000,1.000000,0.000000,0.000000,0.000000,0
2860,1.000000,308,76,1.000000,1.000000,1.000000,1.000000,0.131783,0.000000,0.000000,0.000000,1.000000,0.000000,0.000000,0.000000,0
2864,1.000000,308,76,1.000000,1.000000,1.000000,1.000000,0.130233,0.000000,0.000000,0.000000,1.000000,0.000000,0.000000,0.000000,0
2868,1.000000,308,76,1.000000,1.000000,1.000000,1.000000,0.128682,0.000000,0.000000,0.000000,1.000000,0.000000,0.000000,0.000000,0
2872,1.000000,308,76,1.000000,1.000000,1.000000,1.000000,0.127132,0.000000,0.000000,0.000000,1.000000,0.000000,0.000000,0.000000,0
2876,1.000000,308,76,1.000000,1.000000,1.000000,1.000000,0.125581,0.000000,0.000000,0.000000,1.000000,0.000000,0.000000,0.000000,0
2880,1.000000,308,76,1.000000,1.000000,1.000000,1.000000,0.124031,0.000000,0.000000,0.000000,1.000000,0.000000,0.000000,0.000000,0
2884,1.000000,308,76,1.000000,1.000000,1.000000,1.000000,0.122481,0.000000,0.000000,0.000000,1.000000,0.000000,0.000000,0.000000,0
2888,1.000000,308,76,1.000000,1.000000,1.000000,1.000000,0.120930,0.000000,0.000000,0.000000,1.000000,0.000000,0.000000,0.000000,0
2892,1.000000,308,76,1.000000,1.000000,1.000000,1.000000,0.119380,0.000000,0.000000,0.000000,1.000000,0.000000,0.000000,0.000000,0
2896,1.000000,308,76,1.000000,1.000000,1.000000,1.000000,0.117829,0.000000,0.000000,0.000000,1.000000,0.000000,0.000000,0.000000,0
2900,1.000000,308,76,1.000000,1.000000,1.000000,1.000000,0.116279,0.000000,0.000000,0.000000,1.000000,0.000000,0.000000,0.000000,0
2904,1.000000,308,76,1.000000,1.000000,1.000000,1.000000,0.114729,0.000000,0.000000,0.000000,1.000000,0.000000,0.000000,0.000000,0
2908,1.000000,308,76,1.000000,1.000000,1.000000,1.000000,0.113178,0.000000,0.000000,0.000000,1.000000,0.000000,0.000000,0.000000,0
2912,1.000000,308,76,1.000000,1.000000,1.000000,1.000000,0.111628,0.000000,0.000000,0.000000,1.000000,0.000000,0.000000,0.000000,0
2916,1.000000,308,76,1.000000,1.000000,1.000000,1.000000,0.110078,0.000000,0.000000,0.000000,1.000000,0.000000,0.000000,0.000000,0
2920,1.000000,308,76,1.000000,1.000000,1.000000,1.000000,0.108527,0.000000,0.000000,0.000000,1.000000,0.000000,0.000000,0.000000,0
2924,1.000000,308,76,1.000000,1.000000,1.000000,1.000000,0.106977,0.000000,0.000000,0.000000,1.000000,0.000000,0.000000,0.000000,0
2928,1.000000,308,76,1.000000,1.000000,1.000000,1.000000,0.105426,0.000000,0.000000,0.000000,1.000000,0.000000,0.000000,0.000000,0
2932,1.000000,308,76,1.000000,1.000000,1.000000,1.000000,0.103876,0.000000,0.000000,0.000000,1.000000,0.000000,0.000000,0.000000,0
2936,1.000000,308,76,1.000000,1.000000,1.000000,1.000000,0.102326,0.000000,0.000000,0.000000,1.000000,0.000000,0.000000,0.000000,0
2940,1.000000,308,76,1.000000,1.000000,1.000000,1.000000,0.100775,0.000000,0.000000,0.000000,1.000000,0.000000,0.000000,0.000000,0
2944,1.000000,308,76,1.000000,1.000000,1.000000,1.000000,0.099225,0.000000,0.000000,0.000000,1.000000,0.000000,0.000000,0.000000,0
2948,1.000000,308,76,1.000000,1.000000,1.000000,1.000000,0.097674,0.000000,0.000000,0.000000,1.000000,0.000000,0.000000,0.000000,0
2952,1.000000,308,76,1.000000,1.000000,1.000000,1.000000,0.096124,0.000000,0.000000,0.000000,1.000000,0.000000,0.000000,0.000000,0
2956,1.000000,308,76,1.000000,1.000000,1.000000,1.000000,0.094574,0.000000,0.000000,0.000000,1.000000,0.000000,0.000000,0.000000,0
2960,1.000000,308,76,1.000000,1.000000,1.000000,1.000000,0.093023,0.000000,0.000000,0.000000,1.000000,0.000000,0.000000,0.000000,0
2964,1.000000,308,76,1.000000,1.000000,1.000000,1.000000,0.091473,0.000000,0.000000,0.000000,1.000000,0.000000,0.000000,0.000000,0
2968,1.000000,308,76,1.000000,1.000000,1.000000,1.000000,0.089922,0.000000,0.000000,0.000000,1.000000,0.000000,0.000000,0.000000,0
2972,1.000000,308,76,1.000000,1.000000,1.000000,1.000000,0.088372,0.000000,0.000000,0.000000,1.000000,0.000000,0.000000,0.000000,0
2976,1.000000,308,76,1.000000,1.000000,1.000000,1.000000,0.086822,0.000000,0.000000,0.000000,1.000000,0.000000,0.000000,0.000000,0
2980,1.000000,308,76,1.000000,1.000000,1.000000,1.000000,0.085271,0.000000,0.000000,0.000000,1.000000,0.000000,0.000000,0.000000,0
2984,1.000000,308,76,1.000000,1.000000,1.000000,1.000000,0.083721,0.000000,0.000000,0.000000,1.000000,0.000000,0.000000,0.000000,0
2988,1.000000,308,76,1.000000,1.000000,1.000000,1.000000,0.082171,0.000000,0.000000,0.000000,1.000000,0.000000,0.000000,0.000000,0
2992,1.000000,308,76,1.000000,1.000000,1.000000,1.000000,0.080620,0.000000,0.000000,0.000000,1.000000,0.000000,0.000000,0.000000,0
2996,1.000000,308,76,1.000000,1.000000,1.000000,1.000000,0.079070,0.000000,0.000000,0.000000,1.000000,0.000000,0.000000,0.000000,0
3000,1.000000,308,76,1.000000,1.000000,1.000000,1.000000,0.077519,0.000000,0.000000,0.000000,1.000000,0.000000,0.000000,0.000000,0
3004,1.000000,308,76,1.000000,1.000000,1.000000,1.000000,0.075969,0.000000,0.000000,0.000000,1.000000,0.000000,0.000000,0.000000,0
3008,1.000000,308,76,1.000000,1.000000,1.000000,1.000000,0.074419,0.000000,0.000000,0.000000,1.000000,0.000000,0.000000,0.000000,0
3012,1.000000,308,76,1.000000,1.000000,1.000000,1.000000,0.072868,0.000000,0.000000,0.000000,1.000000,0.000000,0.000000,0.000000,0
3016,1.000000,308,76,1.000000,1.000000,1.000000,1.000000,0.071318,0.000000,0.000000,0.000000,1.000000,0.000000,0.000000,0.000000,0
3020,1.000000,308,76,1.000000,1.000000,1.000000,1.000000,0.069767,0.000000,0.000000,0.000000,1.000000,0.000000,0.000000,0.000000,0
3024,1.000000,308,76,1.000000,1.000000,1.000000,1.000000,0.068217,0.000000,0.000000,0.000000,1.000000,0.000000,0.000000,0.000000,0
3028,1.000000,308,76,1.000000,1.000000,1.000000,1.000000,0.066667,0.000000,0.000000,0.000000,1.000000,0.000000,0.000000,0.000000,0
3032,1.000000,308,76,1.000000,1.000000,0.999776,1.000000,0.065116,0.000000,0.000000,0.000000,1.000000,0.000000,0.000000,0.000000,227
3036,1.000000,308,76,1.000000,1.000000,0.997962,1.000000,0.063566,0.000000,0.000000,0.000000,1.000000,0.000000,0.000000,0.000000,227
3040,1.000000,308,76,1.000000,1.000000,0.994269,1.000000,0.062016,0.000000,0.000000,0.000000,1.000000,0.000000,0.000000,0.000000,228
3044,1.000000,308,76,1.000000,1.000000,0.988624,1.000000,0.060465,0.000000,0.000000,0.000000,1.000000,0.000000,0.000000,0.000000,228
3048,1.000000,308,76,1.000000,1.000000,0.980956,1.000000,0.058915,0.000000,0.000000,0.000000,1.000000,0.000000,0.000000,0.000000,229
3052,1.000000,308,76,1.000000,1.000000,0.971188,1.000000,0.057364,0.000000,0.000000,0.000000,1.000000,0.000000,0.000000,0.000000,229
3056,1.000000,308,76,1.000000,1.000000,0.959244,1.000000,0.055814,0.000000,0.000000,0.000000,1.000000,0.000000,0.000000,0.000000,230
3060,1.000000,308,76,1.000000,1.000000,0.945045,1.000000,0.054264,0.000000,0.000000,0.000000,1.000000,0.000000,0.000000,0.000000,230
3064,1.000000,308,76,1.000000,1.000000,0.928512,1.000000,0.052713,0.000000,0.000000,0.000000,1.000000,0.000000,0.000000,0.000000,231
3068,1.000000,308,76,1.000000,1.000000,0.909566,1.000000,0.051163,0.000000,0.000000,0.000000,1.000000,0.000000,0.000000,0.000000,231
3072,1.000000,308,76,1.000000,1.000000,0.888131,1.000000,0.049612,0.000000,0.000000,0.000000,1.000000,0.000000,0.000000,0.000000,232
3076,1.000000,308,76,1.000000,0.999944,0.864133,1.000000,0.048062,0.000000,0.000000,0.000000,1.000000,0.000000,0.000000,0.000000,232
3080,1.000000,308,76,1.000000,0.998589,0.837503,1.000000,0.046512,0.000000,0.000000,0.000000,1.000000,0.000000,0.000000,0.000000,233
3084,1.000000,308,76,1.000000,0.995372,0.808179,1.000000,0.044961,0.000000,0.000000,0.000000,1.000000,0.000000,0.000000,0.000000,233
3088,1.000000,308,76,1.000000,0.990222,0.776113,1.000000,0.043411,0.000000,0.000000,0.000000,1.000000,0.000000,0.000000,0.000000,234
3092,1.000000,308,76,1.000000,0.983067,0.741267,1.000000,0.041860,0.000000,0.000000,0.000000,1.000000,0.000000,0.000000,0.000000,234
3096,1.000000,308,76,1.000000,0.973831,0.703627,1.000000,0.040310,0.000000,0.000000,0.000000,1.000000,0.000000,0.000000,0.000000,235
3100,1.000000,308,76,1.000000,0.962439,0.663200,1.000000,0.038760,0.000000,0.000000,0.000000,1.000000,0.000000,0.000000,0.000000,235
3104,1.000000,308,76,1.000000,0.948811,0.620025,1.000000,0.037209,0.000000,0.000000,0.000000,1.000000,0.000000,0.000000,0.000000,236
3108,1.000000,308,76,1.000000,0.932868,0.574182,1.000000,0.035659,0.000000,0.000000,0.000000,1.000000,0.000000,0.000000,0.000000,236
3112,1.000000,308,76,1.000000,0.914533,0.525793,1.000000,0.034109,0.000000,0.000000,0.000000,1.000000,0.000000,0.000000,0.000000,237
3116,1.000000,308,76,1.000000,0.893728,0.475035,1.000000,0.032558,0.000000,0.000000,0.000000,1.000000,0.000000,0.000000,0.000000,237
3120,1.000000,308,76,1.000000,0.870377,0.422149,1.000000,0.031008,0.000000,0.000000,0.000000,1.000000,0.000000,0.000000,0.000000,238
3124,1.000000,308,76,1.000000,0.844410,0.367442,1.000000,0.029457,0.000000,0.000000,0.000000,1.000000,0.000000,0.000000,0.000000,238
3128,1.000000,308,76,1.000000,0.815765,0.311292,1.000000,0.027907,0.000000,0.000000,0.000000,1.000000,0.000000,0.000000,0.000000,239
3132,1.000000,308,76,1.000000,0.784389,0.254153,1.000000,0.026357,0.000000,0.000000,0.000000,1.000000,0.000000,0.000000,0.000000,239
3136,1.000000,308,76,1.000000,0.750240,0.196546,1.000000,0.024806,0.000000,0.000000,0.000000,1.000000,0.000000,0.000000,0.000000,240
3140,1.000000,308,76,1.000000,0.713299,0.139055,1.000000,0.023256,0.000000,0.000000,0.000000,1.000000,0.000000,0.000000,0.000000,240
3144,1.000000,308,76,1.000000,0.673566,0.082305,1.000000,0.021705,0.000000,0.000000,0.000000,1.000000,0.000000,0.000000,0.000000,241
3148,1.000000,308,76,1.000000,0.631073,0.026950,1.000000,0.020155,0.000000,0.000000,0.000000,1.000000,0.000000,0.000000,0.000000,241
3152,1.000000,308,76,1.000000,0.585887,0.000000,1.000000,0.018605,0.000000,0.000000,0.000000,1.000000,0.000000,0.000000,0.000000,242
3156,1.000000,308,76,1.000000,0.538120,0.000000,1.000000,0.017054,0.000000,0.000000,0.000000,1.000000,0.000000,0.000000,0.000000,242
3160,1.000000,308,76,1.000000,0.487935,0.000000,1.000000,0.015504,0.000000,0.000000,0.000000,1.000000,0.000000,0.000000,0.000000,243
3164,1.000000,308,76,1.000000,0.435555,0.000000,1.000000,0.013953,0.000000,0.000000,0.000000,1.000000,0.000000,0.000000,0.000000,243
3168,1.000000,308,76,1.000000,0.381270,0.000000,1.000000,0.012403,0.000000,0.000000,0.000000,1.000000,0.000000,0.000000,0.000000,244
3172,1.000000,308,76,1.000000,0.325441,0.000000,1.000000,0.010853,0.000000,0.000000,0.000000,1.000000,0.000000,0.000000,0.000000,244
3176,1.000000,308,76,1.000000,0.268503,0.000000,1.000000,0.009302,0.000000,0.000000,0.000000,1.000000,0.000000,0.000000,0.000000,245
3180,1.000000,308,76,1.000000,0.210961,0.000000,1.000000,0.007752,0.000000,0.000000,0.000000,1.000000,0.000000,0.000000,0.000000,245
3184,1.000000,308,76,1.000000,0.153383,0.000000,1.000000,0.006202,0.000000,0.000000,0.000000,1.000000,0.000000,0.000000,0.000000,246
3188,1.000000,308,76,1.000000,0.096387,0.000000,1.000000,0.004651,0.000000,0.000000,0.000000,1.000000,0.000000,0.000000,0.000000,246
3192,1.000000,308,76,1.000000,0.040622,0.000000,1.000000,0.003101,0.000000,0.000000,0.000000,1.000000,0.000000,0.000000,0.000000,247
3196,1.000000,308,76,1.000000,0.000000,0.000000,1.000000,0.001550,0.000000,0.000000,0.000000,1.000000,0.000000,0.000000,0.000000,247
3200,1.000000,308,76,1.000000,0.000000,0.000000,1.000000,0.000000,0.000000,0.000000,0.000000,1.000000,0.000000,0.000000,0.000000,248
3204,1.000000,308,76,0.999870,0.000000,0.000000,1.000000,0.000000,0.000000,0.000000,0.000000,1.000000,0.000000,0.000000,0.000000,248
3208,1.000000,308,76,0.999474,0.000000,0.000000,1.000000,0.000000,0.000000,0.000000,0.000000,1.000000,0.000000,0.000000,0.000000,249
3212,1.000000,308,76,0.998799,0.000000,0.000000,1.000000,0.000000,0.000000,0.000000,0.000000,1.000000,0.000000,0.000000,0.000000,249
3216,1.000000,308,76,0.997836,0.000000,0.000000,1.000000,0.000000,0.000000,0.000000,0.000000,1.000000,0.000000,0.000000,0.000000,250
3220,1.000000,308,76,0.996570,0.000000,0.000000,1.000000,0.000000,0.000000,0.000000,0.000000,1.000000,0.000000,0.000000,0.000000,250
3224,1.000000,308,76,0.994990,0.000000,0.000000,1.000000,0.000000,0.000000,0.000000,0.000000,1.000000,0.000000,0.000000,0.000000,251
3228,1.000000,308,76,0.993081,0.000000,0.000000,1.000000,0.000000,0.000000,0.000000,0.000000,1.000000,0.000000,0.000000,0.000000,251
3232,1.000000,308,76,0.990827,0.000000,0.000000,1.000000,0.000000,0.000000,0.000000,0.000000,1.000000,0.000000,0.000000,0.000000,252
3236,1.000000,308,76,0.988214,0.000000,0.000000,1.000000,0.000000,0.000000,0.000000,0.000000,1.000000,0.000000,0.000000,0.000000,252
3240,1.000000,308,76,0.985224,0.000000,0.000000,1.000000,0.000000,0.000000,0.000000,0.000000,1.000000,0.000000,0.000000,0.000000,253
3244,1.000000,308,76,0.981838,0.000000,0.000000,1.000000,0.000000,0.000000,0.000000,0.000000,1.000000,0.000000,0.000000,0.000000,253
3248,1.000000,308,76,0.978038,0.000000,0.000000,1.000000,0.000000,0.000000,0.000000,0.000000,1.000000,0.000000,0.000000,0.000000,254
3252,1.000000,308,76,0.973803,0.000000,0.000000,1.000000,0.000000,0.000000,0.000000,0.000000,1.000000,0.000000,0.000000,0.000000,254
3256,1.000000,308,76,0.969109,0.000000,0.000000,1.000000,0.000000,0.000000,0.000000,0.000000,1.000000,0.000000,0.000000,0.000000,255
3260,1.000000,308,76,0.963933,0.000000,0.000000,1.000000,0.000000,0.000000,0.000000,0.000000,1.000000,0.000000,0.000000,0.000000,255
3264,1.000000,308,76,0.958250,0.000000,0.000000,1.000000,0.000000,0.000000,0.000000,0.000000,1.000000,0.000000,0.000000,0.000000,256
3268,1.000000,308,76,0.952032,0.000000,0.000000,1.000000,0.000000,0.000000,0.000000,0.000000,1.000000,0.000000,0.000000,0.000000,256
3272,1.000000,308,76,0.945248,0.000000,0.000000,1.000000,0.000000,0.000000,0.000000,0.000000,1.000000,0.000000,0.000000,0.000000,257
3276,1.000000,308,76,0.937869,0.000000,0.000000,1.000000,0.000000,0.000000,0.000000,0.000000,1.000000,0.000000,0.000000,0.000000,257
3280,1.000000,308,76,0.929858,0.000000,0.000000,1.000000,0.000000,0.000000,0.000000,0.000000,1.000000,0.000000,0.000000,0.000000,258
3284,1.000000,308,76,0.921181,0.000000,0.000000,1.000000,0.000000,0.000000,0.000000,0.000000,1.000000,0.000000,0.000000,0.000000,258
3288,1.000000,308,76,0.911797,0.000000,0.000000,1.000000,0.000000,0.000000,0.000000,0.000000,1.000000,0.000000,0.000000,0.000000,259
3292,1.000000,308,76,0.901666,0.000000,0.000000,1.000000,0.000000,0.000000,0.000000,0.000000,1.000000,0.000000,0.000000,0.000000,259
3296,1.000000,308,76,0.890743,0.000000,0.000000,1.000000,0.000000,0.000000,0.000000,0.000000,1.000000,0.000000,0.000000,0.000000,260
3300,1.000000,308,76,0.878981,0.000000,0.000000,1.000000,0.000000,0.000000,0.000000,0.000000,1.000000,0.000000,0.000000,0.000000,260
3304,1.000000,308,76,0.866332,0.000000,0.000000,1.000000,0.000000,0.000000,0.000000,0.000000,1.000000,0.000000,0.000000,0.000000,261
3308,1.000000,308,76,0.852743,0.000000,0.000000,1.000000,0.000000,0.000000,0.000000,0.000000,1.000000,0.000000,0.000000,0.000000,261
3312,1.000000,308,76,0.838163,0.000000,0.000000,1.000000,0.000000,0.000000,0.000000,0.000000,1.000000,0.000000,0.000000,0.000000,262
3316,1.000000,308,76,0.822537,0.000000,0.000000,1.000000,0.000000,0.000000,0.000000,0.000000,1.000000,0.000000,0.000000,0.000000,262
3320,1.000000,308,76,0.805813,0.000000,0.000000,1.000000,0.000000,0.000000,0.000000,0.000000,1.000000,0.000000,0.000000,0.000000,263
3324,1.000000,308,76,0.787941,0.000000,0.000000,1.000000,0.000000,0.000000,0.000000,0.000000,1.000000,0.000000,0.000000,0.000000,263
3328,1.000000,308,76,0.768875,0.000000,0.000000,1.000000,0.000000,0.000000,0.000000,0.000000,1.000000,0.000000,0.000000,0.000000,264
3332,1.000000,308,76,0.748577,0.000000,0.000000,1.000000,0.000000,0.000000,0.000000,0.000000,1.000000,0.000000,0.000000,0.000000,264
3336,1.000000,308,76,0.727022,0.000000,0.000000,1.000000,0.000000,0.000000,0.000000,0.000000,1.000000,0.000000,0.000000,0.000000,265
3340,1.000000,308,76,0.704203,0.000000,0.000000,1.000000,0.000000,0.000000,0.000000,0.000000,1.000000,0.000000,0.000000,0.000000,265
3344,1.000000,308,76,0.680135,0.000000,0.000000,1.000000,0.000000,0.000000,0.000000,0.000000,1.000000,0.000000,0.000000,0.000000,266
3348,1.000000,308,76,0.654863,0.000000,0.000000,1.000000,0.000000,0.000000,0.000000,0.000000,1.000000,0.000000,0.000000,0.000000,266
3352,1.000000,308,76,0.628468,0.000000,0.000000,1.000000,0.000000,0.000000,0.000000,0.000000,1.000000,0.000000,0.000000,0.000000,267
3356,1.000000,308,76,0.601072,0.000000,0.000000,1.000000,0.000000,0.000000,0.000000,0.000000,1.000000,0.000000,0.000000,0.000000,267
3360,1.000000,308,76,0.572836,0.000000,0.000000,1.000000,0.000000,0.000000,0.000000,0.000000,1.000000,0.000000,0.000000,0.000000,268
3364,1.000000,308,76,0.543966,0.000000,0.000000,1.000000,0.000000,0.000000,0.000000,0.000000,1.000000,0.000000,0.000000,0.000000,268
3368,1.000000,308,76,0.514700,0.000000,0.000000,1.000000,0.000000,0.000000,0.000000,0.000000,1.000000,0.000000,0.000000,0.000000,269
3372,1.000000,308,76,0.485300,0.000000,0.000000,1.000000,0.000000,0.000000,0.000000,0.000000,1.000000,0.000000,0.000000,0.000000,269
3376,1.000000,308,76,0.456034,0.000000,0.000000,1.000000,0.000000,0.000000,0.000000,0.000000,1.000000,0.000000,0.000000,0.000000,270
3380,1.000000,308,76,0.427164,0.000000,0.000000,1.000000,0.000000,0.000000,0.000000,0.000000,1.000000,0.000000,0.000000,0.000000,270
3384,1.000000,308,76,0.398928,0.000000,0.000000,1.000000,0.000000,0.000000,0.000000,0.000000,1.000000,0.000000,0.000000,0.000000,271
3388,1.000000,308,76,0.371532,0.000000,0.000000,1.000000,0.000000,0.000000,0.000000,0.000000,1.000000,0.000000,0.000000,0.000000,271
3392,1.000000,308,76,0.345137,0.000000,0.000000,1.000000,0.000000,0.000000,0.000000,0.000000,1.000000,0.000000,0.000000,0.000000,272
3396,1.000000,308,76,0.319865,0.000000,0.000000,1.000000,0.000000,0.000000,0.000000,0.000000,1.000000,0.000000,0.000000,0.000000,272
3400,1.000000,308,76,0.295797,0.000000,0.000000,1.000000,0.000000,0.000000,0.000000,0.000000,1.000000,0.000000,0.000000,0.000000,273
3404,1.000000,308,76,0.272978,0.000000,0.000000,1.000000,0.000000,0.000000,0.000000,0.000000,1.000000,0.000000,0.000000,0.000000,273
3408,1.000000,308,76,0.251423,0.000000,0.000000,1.000000,0.000000,0.000000,0.000000,0.000000,1.000000,0.000000,0.000000,0.000000,274
3412,1.000000,308,76,0.231125,0.000000,0.000000,1.000000,0.000000,0.000000,0.000000,0.000000,1.000000,0.000000,0.000000,0.000000,274
3416,1.000000,308,76,0.212059,0.000000,0.000000,1.000000,0.000000,0.000000,0.000000,0.000000,1.000000,0.000000,0.000000,0.000000,275
3420,1.000000,308,76,0.194187,0.000000,0.000000,1.000000,0.000000,0.000000,0.000000,0.000000,1.000000,0.000000,0.000000,0.000000,275
3424,1.000000,308,76,0.177463,0.000000,0.000000,1.000000,0.000000,0.000000,0.000000,0.000000,1.000000,0.000000,0.000000,0.000000,276
3428,1.000000,308,76,0.161837,0.000000,0.000000,1.000000,0.000000,0.000000,0.000000,0.000000,1.000000,0.000000,0.000000,0.000000,276
3432,1.000000,308,76,0.147257,0.000000,0.000000,1.000000,0.000000,0.000000,0.000000,0.000000,1.000000,0.000000,0.000000,0.000000,277
3436,1.000000,308,76,0.133668,0.000000,0.000000,1.000000,0.000000,0.000000,0.000000,0.000000,1.000000,0.000000,0.000000,0.000000,277
3440,1.000000,308,76,0.121019,0.000000,0.000000,1.000000,0.000000,0.000000,0.000000,0.000000,1.000000,0.000000,0.000000,0.000000,278
3444,1.000000,308,76,0.109257,0.000000,0.000000,1.000000,0.000000,0.000000,0.000000,0.000000,1.000000,0.000000,0.000000,0.000000,278
3448,1.000000,308,76,0.098334,0.000000,0.000000,1.000000,0.000000,0.000000,0.000000,0.000000,1.000000,0.000000,0.000000,0.000000,279
3452,1.000000,308,76,0.088203,0.000000,0.000000,1.000000,0.000000,0.000000,0.000000,0.000000,1.000000,0.000000,0.000000,0.000000,279
3456,1.000000,308,76,0.078819,0.000000,0.000000,1.000000,0.000000,0.000000,0.000000,0.000000,1.000000,0.000000,0.000000,0.000000,280
3460,1.000000,308,76,0.070142,0.000000,0.000000,1.000000,0.000000,0.000000,0.000000,0.000000,1.000000,0.000000,0.000000,0.000000,280
3464,1.000000,308,76,0.062131,0.000000,0.000000,1.000000,0.000000,0.000000,0.000000,0.000000,1.000000,0.000000,0.000000,0.000000,281
3468,1.000000,308,76,0.054752,0.000000,0.000000,1.000000,0.000000,0.000000,0.000000,0.000000,1.000000,0.000000,0.000000,0.000000,281
3472,1.000000,308,76,0.047968,0.000000,0.000000,1.000000,0.000000,0.000000,0.000000,0.000000,1.000000,0.000000,0.000000,0.000000,282
3476,1.000000,308,76,0.041750,0.000000,0.000000,1.000000,0.000000,0.000000,0.000000,0.000000,1.000000,0.000000,0.000000,0.000000,282
3480,1.000000,308,76,0.036067,0.000000,0.000000,1.000000,0.000000,0.000000,0.000000,0.000000,1.000000,0.000000,0.000000,0.000000,283
3484,1.000000,308,76,0.030891,0.000000,0.000000,1.000000,0.000000,0.000000,0.000000,0.000000,1.000000,0.000000,0.000000,0.000000,283
3488,1.000000,308,76,0.026197,0.000000,0.000000,1.000000,0.000000,0.000000,0.000000,0.000000,1.000000,0.000000,0.000000,0.000000,284
3492,1.000000,308,76,0.021962,0.000000,0.000000,1.000000,0.000000,0.000000,0.000000,0.000000,1.000000,0.000000,0.000000,0.000000,284
3496,1.000000,308,76,0.018162,0.000000,0.000000,1.000000,0.000000,0.000000,0.000000,0.000000,1.000000,0.000000,0.000000,0.000000,285
3500,1.000000,308,76,0.014776,0.000000,0.000000,1.000000,0.000000,0.000000,0.000000,0.000000,1.000000,0.000000,0.000000,0.000000,285
3504,1.000000,308,76,0.011786,0.000000,0.000000,1.000000,0.000000,0.000000,0.000000,0.000000,1.000000,0.000000,0.000000,0.000000,286
3508,1.000000,308,76,0.009173,0.000000,0.000000,1.000000,0.000000,0.000000,0.000000,0.000000,1.000000,0.000000,0.000000,0.000000,286
3512,1.000000,308,76,0.006919,0.000000,0.000000,1.000000,0.000000,0.000000,0.000000,0.000000,1.000000,0.000000,0.000000,0.000000,287
3516,1.000000,308,76,0.005010,0.000000,0.000000,1.000000,0.000000,0.000000,0.000000,0.000000,1.000000,0.000000,0.000000,0.000000,287
3520,1.000000,308,76,0.003430,0.000000,0.000000,1.000000,0.000000,0.000000,0.000000,0.000000,1.000000,0.000000,0.000000,0.000000,288
3524,1.000000,308,76,0.002164,0.000000,0.000000,1.000000,0.000000,0.000000,0.000000,0.000000,1.000000,0.000000,0.000000,0.000000,288
3528,1.000000,308,76,0.001201,0.000000,0.000000,1.000000,0.000000,0.000000,0.000000,0.000000,1.000000,0.000000,0.000000,0.000000,289
3532,1.000000,308,76,0.000526,0.000000,0.000000,1.000000,0.000000,0.000000,0.000000,0.000000,1.000000,0.000000,0.000000,0.000000,289
3536,1.000000,308,76,0.000130,0.000000,0.000000,1.000000,0.000000,0.000000,0.000000,0.000000,1.000000,0.000000,0.000000,0.000000,290
3540,1.000000,308,76,0.000000,0.000000,0.000000,1.000000,0.000000,0.000000,0.000000,0.000000,1.000000,0.000000,0.000000,0.000000,290
3544,1.000000,308,76,0.000000,0.000000,0.000000,0.966667,0.000000,0.000000,0.000000,0.000000,1.000000,0.000000,0.000000,0.000000,291
3548,1.000000,308,76,0.000000,0.000000,0.000000,0.933333,0.000000,0.000000,0.000000,0.000000,1.000000,0.000000,0.000000,0.000000,0
3552,1.000000,308,76,0.000000,0.000000,0.000000,0.900000,0.000000,0.000000,0.000000,0.000000,1.000000,0.000000,0.000000,0.000000,0
3556,1.000000,308,76,0.000000,0.000000,0.000000,0.866667,0.000000,0.000000,0.000000,0.000000,1.000000,0.000000,0.000000,0.000000,0
3560,1.000000,308,76,0.000000,0.000000,0.000000,0.833333,0.000000,0.000000,0.000000,0.000000,1.000000,0.000000,0.000000,0.000000,0
3564,1.000000,308,76,0.000000,0.000000,0.000000,0.800000,0.000000,0.000000,0.000000,0.000000,1.000000,0.000000,0.000000,0.000000,0
3568,1.000000,308,76,0.000000,0.000000,0.000000,0.766667,0.000000,0.000000,0.000000,0.000000,1.000000,0.000000,0.000000,0.000000,0
3572,1.000000,308,76,0.000000,0.000000,0.000000,0.733333,0.000000,0.000000,0.000000,0.000000,1.000000,0.000000,0.000000,0.000000,0
3576,1.000000,308,76,0.000000,0.000000,0.000000,0.700000,0.000000,0.000000,0.000000,0.000000,1.000000,0.000000,0.000000,0.000000,0
3580,1.000000,308,76,0.000000,0.000000,0.000000,0.666667,0.000000,0.000000,0.000000,0.000000,1.000000,0.000000,0.000000,0.000000,0
3584,1.000000,308,76,0.000000,0.000000,0.000000,0.633333,0.000000,0.000000,0.000000,0.000000,1.000000,0.000000,0.000000,0.000000,0
3588,1.000000,308,76,0.000000,0.000000,0.000000,0.600000,0.000000,0.000000,0.000000,0.000000,1.000000,0.000000,0.000000,0.000000,0
3592,1.000000,308,76,0.000000,0.000000,0.000000,0.566667,0.000000,0.000000,0.000000,0.000000,1.000000,0.000000,0.000000,0.000000,0
3596,1.000000,308,76,0.000000,0.000000,0.000000,0.533333,0.000000,0.000000,0.000000,0.000000,1.000000,0.000000,0.000000,0.000000,0
3600,1.000000,308,76,0.000000,0.000000,0.000000,0.500000,0.000000,0.000000,0.000000,0.000000,1.000000,0.000000,0.000000,0.000000,0
3604,1.000000,308,76,0.000000,0.000000,0.000000,0.466667,0.000000,0.000000,0.000000,0.000000,1.000000,0.000000,0.000000,0.000000,0
3608,1.000000,308,76,0.000000,0.000000,0.000000,0.433333,0.000000,0.000000,0.000000,0.000000,1.000000,0.000000,0.000000,0.000000,0
3612,1.000000,308,76,0.000000,0.000000,0.000000,0.400000,0.000000,0.000000,0.000000,0.000000,1.000000,0.000000,0.000000,0.000000,0
3616,1.000000,308,76,0.000000,0.000000,0.000000,0.366667,0.000000,0.000000,0.000000,0.000000,1.000000,0.000000,0.000000,0.000000,0
3620,1.000000,308,76,0.000000,0.000000,0.000000,0.333333,0.000000,0.000000,0.000000,0.000000,1.000000,0.000000,0.000000,0.000000,0
3624,1.000000,308,76,0.000000,0.000000,0.000000,0.300000,0.000000,0.000000,0.000000,0.000000,1.000000,0.000000,0.000000,0.000000,0
3628,1.000000,308,76,0.000000,0.000000,0.000000,0.266667,0.000000,0.000000,0.000000,0.000000,1.000000,0.000000,0.000000,0.000000,0
3632,1.000000,308,76,0.000000,0.000000,0.000000,0.233333,0.000000,0.020000,0.000000,0.000000,1.000000,0.000000,0.000000,0.000000,0
3636,1.000000,308,76,0.000000,0.000000,0.000000,0.200000,0.000000,0.060000,0.000000,0.000000,1.000000,0.000000,0.000000,0.000000,0
3640,1.000000,308,76,0.000000,0.000000,0.000000,0.166667,0.000000,0.100000,0.000000,0.000000,1.000000,0.000000,0.000000,0.000000,0
3644,1.000000,308,75,0.000000,0.000000,0.000000,0.133333,0.000000,0.140000,0.000000,0.000000,1.000000,0.000000,0.000000,0.000000,0
3648,1.000000,308,75,0.000000,0.000000,0.000000,0.100000,0.000000,0.180000,0.000000,0.000000,1.000000,0.000000,0.000000,0.000000,0
3652,1.000000,308,74,0.000000,0.000000,0.000000,0.066667,0.000000,0.220000,0.000000,0.000000,1.000000,0.000000,0.000000,0.000000,0
3656,1.000000,308,73,0.000000,0.000000,0.000000,0.033333,0.000000,0.260000,0.000000,0.000000,1.000000,0.000000,0.000000,0.000000,0
3660,1.000000,308,72,0.000000,0.000000,0.000000,0.000000,0.000000,0.300000,0.000000,0.000000,1.000000,0.000000,0.000000,0.000000,0
3664,1.000000,308,71,0.000000,0.000000,0.000000,0.000000,0.000000,0.340000,0.000000,0.000000,1.000000,0.000000,0.000000,0.000000,0
3668,1.000000,308,70,0.000000,0.000000,0.000000,0.000000,0.000000,0.380000,0.000000,0.000000,1.000000,0.000000,0.000000,0.000000,0
3672,1.000000,308,68,0.000000,0.000000,0.000000,0.000000,0.000000,0.420000,0.000000,0.000000,1.000000,0.000000,0.000000,0.000000,0
3676,1.000000,308,66,0.000000,0.000000,0.000000,0.000000,0.000000,0.460000,0.000000,0.000000,1.000000,0.000000,0.000000,0.000000,0
3680,1.000000,308,64,0.000000,0.000000,0.000000,0.000000,0.000000,0.500000,0.000000,0.000000,1.000000,0.000000,0.000000,0.000000,0
3684,1.000000,308,61,0.000000,0.000000,0.000000,0.000000,0.000000,0.540000,0.000000,0.000000,1.000000,0.000000,0.000000,0.000000,0
3688,1.000000,308,58,0.000000,0.000000,0.000000,0.000000,0.000000,0.580000,0.000000,0.000000,1.000000,0.000000,0.000000,0.000000,0
3692,1.000000,308,54,0.000000,0.000000,0.000000,0.000000,0.000000,0.620000,0.000000,0.000000,1.000000,0.000000,0.000000,0.000000,0
3696,1.000000,308,51,0.000000,0.000000,0.000000,0.000000,0.000000,0.660000,0.000000,0.000000,1.000000,0.000000,0.000000,0.000000,0
3700,1.000000,308,47,0.000000,0.000000,0.000000,0.000000,0.000000,0.700000,0.000000,0.000000,1.000000,0.000000,0.000000,0.000000,0
3704,1.000000,308,43,0.000000,0.000000,0.000000,0.000000,0.000000,0.740000,0.000000,0.000000,1.000000,0.000000,0.000000,0.000000,0
3708,1.000000,308,40,0.000000,0.000000,0.000000,0.000000,0.000000,0.780000,0.000000,0.000000,1.000000,0.000000,0.000000,0.000000,0
3712,1.000000,308,36,0.000000,0.000000,0.000000,0.000000,0.000000,0.820000,0.000000,0.000000,1.000000,0.000000,0.000000,0.000000,0
3716,1.000000,308,33,0.000000,0.000000,0.000000,0.000000,0.000000,0.860000,0.000000,0.000000,1.000000,0.000000,0.000000,0.000000,0
3720,1.000000,308,30,0.000000,0.000000,0.000000,0.000000,0.000000,0.900000,0.000000,0.000000,1.000000,0.000000,0.000000,0.000000,0
3724,1.000000,308,27,0.000000,0.000000,0.000000,0.000000,0.000000,0.940000,0.000000,0.000000,1.000000,0.000000,0.000000,0.000000,0
3728,1.000000,308,25,0.000000,0.000000,0.000000,0.000000,0.000000,0.980000,0.000000,0.000000,1.000000,0.000000,0.000000,0.000000,0
3732,1.000000,308,22,0.000000,0.000000,0.000000,0.000000,0.000000,1.000000,0.000000,0.000000,1.000000,0.000000,0.000000,0.000000,0
3736,1.000000,308,20,0.000000,0.000000,0.000000,0.000000,0.000000,1.000000,0.000000,0.000000,1.000000,0.000000,0.000000,0.000000,0
3740,1.000000,308,18,0.000000,0.000000,0.000000,0.000000,0.000000,1.000000,0.000000,0.000000,1.000000,0.000000,0.000000,0.000000,0
3744,1.000000,308,17,0.000000,0.000000,0.000000,0.000000,0.000000,1.000000,0.000000,0.000000,1.000000,0.000000,0.000000,0.000000,0
3748,1.000000,308,15,0.000000,0.000000,0.000000,0.000000,0.000000,1.000000,0.000000,0.000000,1.000000,0.000000,0.000000,0.000000,0
3752,1.000000,308,14,0.000000,0.000000,0.000000,0.000000,0.000000,1.000000,0.000000,0.000000,1.000000,0.000000,0.000000,0.000000,0
3756,1.000000,308,13,0.000000,0.000000,0.000000,0.000000,0.000000,1.000000,0.000000,0.000000,1.000000,0.000000,0.000000,0.000000,0
3760,1.000000,308,12,0.000000,0.000000,0.000000,0.000000,0.000000,1.000000,0.000000,0.000000,1.000000,0.000000,0.000000,0.000000,0
3764,1.000000,308,11,0.000000,0.000000,0.000000,0.000000,0.000000,1.000000,0.000000,0.000000,1.000000,0.000000,0.000000,0.000000,0
3768,1.000000,308,10,0.000000,0.000000,0.000000,0.000000,0.000000,1.000000,0.000000,0.000000,1.000000,0.000000,0.000000,0.000000,0
3772,1.000000,308,9,0.000000,0.000000,0.000000,0.000000,0.000000,1.000000,0.000000,0.000000,1.000000,0.000000,0.000000,0.000000,0
3776,1.000000,308,8,0.000000,0.000000,0.000000,0.000000,0.000000,1.000000,0.000000,0.000000,1.000000,0.000000,0.000000,0.000000,0
3780,1.000000,308,7,0.000000,0.000000,0.000000,0.000000,0.000000,1.000000,0.000000,0.000000,1.000000,0.000000,0.000000,0.000000,0
3784,1.000000,308,7,0.000000,0.000000,0.000000,0.000000,0.000000,1.000000,0.000000,0.000000,1.000000,0.000000,0.000000,0.000000,0
3788,1.000000,308,6,0.000000,0.000000,0.000000,0.000000,0.000000,1.000000,0.000000,0.000000,1.000000,0.000000,0.000000,0.000000,0
3792,1.000000,308,6,0.000000,0.000000,0.000000,0.000000,0.000000,1.000000,0.000000,0.000000,1.000000,0.000000,0.000000,0.000000,0
3796,1.000000,308,5,0.000000,0.000000,0.000000,0.000000,0.000000,1.000000,0.000000,0.000000,1.000000,0.000000,0.000000,0.000000,0
3800,1.000000,308,5,0.000000,0.000000,0.000000,0.000000,0.000000,1.000000,0.000000,0.000000,1.000000,0.000000,0.000000,0.000000,0
3804,1.000000,308,5,0.000000,0.000000,0.000000,0.000000,0.000000,1.000000,0.000000,0.000000,1.000000,0.000000,0.000000,0.000000,0
3808,1.000000,308,5,0.000000,0.000000,0.000000,0.000000,0.000000,1.000000,0.000000,0.000000,1.000000,0.000000,0.000000,0.000000,0
3812,1.000000,308,4,0.000000,0.000000,0.000000,0.000000,0.000000,1.000000,0.000000,0.000000,1.000000,0.000000,0.000000,0.000000,0
3816,1.000000,308,4,0.000000,0.000000,0.000000,0.000000,0.000000,1.000000,0.000000,0.000000,1.000000,0.000000,0.000000,0.000000,0
3820,1.000000,308,4,0.000000,0.000000,0.000000,0.000000,0.000000,1.000000,0.000000,0.000000,1.000000,0.000000,0.000000,0.000000,0
3824,1.000000,308,4,0.000000,0.000000,0.000000,0.000000,0.000000,1.000000,0.000000,0.000000,1.000000,0.000000,0.000000,0.000000,0
3828,1.000000,308,4,0.000000,0.000000,0.000000,0.000000,0.000000,1.000000,0.000000,0.000000,1.000000,0.000000,0.000000,0.000000,0
3832,1.000000,308,4,0.000000,0.000000,0.000000,0.000000,0.000000,1.000000,0.000000,0.000000,1.000000,0.000000,0.000000,0.000000,0
3836,1.000000,308,4,0.000000,0.000000,0.000000,0.000000,0.000000,1.000000,0.000000,0.000000,1.000000,0.000000,0.000000,0.000000,0
3840,1.000000,308,4,0.000000,0.000000,0.000000,0.000000,0.000000,1.000000,0.000000,0.000000,1.000000,0.000000,0.000000,0.000000,0
3844,1.000000,308,4,0.000000,0.000000,0.000000,0.000000,0.000000,1.000000,0.000000,0.000000,1.000000,0.000000,0.000000,0.000000,0
3848,1.000000,308,4,0.000000,0.000000,0.000000,0.000000,0.000000,1.000000,0.000000,0.000000,1.000000,0.000000,0.000000,0.000000,0
3852,1.000000,308,4,0.000000,0.000000,0.000000,0.000000,0.000000,1.000000,0.000000,0.000000,1.000000,0.000000,0.000000,0.000000,0
3856,1.000000,308,4,0.000000,0.000000,0.000000,0.000000,0.000000,1.000000,0.000000,0.000000,1.000000,0.000000,0.000000,0.000000,0
3860,1.000000,308,4,0.000000,0.000000,0.000000,0.000000,0.000000,1.000000,0.000000,0.000000,1.000000,0.000000,0.000000,0.000000,0
3864,1.000000,308,4,0.000000,0.000000,0.000000,0.000000,0.000000,1.000000,0.000000,0.000000,1.000000,0.000000,0.000000,0.000000,0
3868,1.000000,308,4,0.000000,0.000000,0.000000,0.000000,0.000000,1.000000,0.000000,0.000000,1.000000,0.000000,0.000000,0.000000,0
3872,1.000000,308,4,0.000000,0.000000,0.000000,0.000000,0.000000,1.000000,0.000000,0.000000,1.000000,0.000000,0.000000,0.000000,0
3876,1.000000,308,4,0.000000,0.000000,0.000000,0.000000,0.000000,1.000000,0.000000,0.000000,1.000000,0.000000,0.000000,0.000000,0
3880,1.000000,308,4,0.000000,0.000000,0.000000,0.000000,0.000000,1.000000,0.000000,0.000000,1.000000,0.000000,0.000000,0.000000,0
3884,1.000000,308,4,0.000000,0.000000,0.000000,0.000000,0.000000,1.000000,0.000000,0.000000,1.000000,0.000000,0.000000,0.000000,0
3888,1.000000,308,4,0.000000,0.000000,0.000000,0.000000,0.000000,1.000000,0.000000,0.000000,1.000000,0.000000,0.000000,0.000000,0
3892,1.000000,308,4,0.000000,0.000000,0.000000,0.000000,0.000000,1.000000,0.000000,0.000000,1.000000,0.000000,0.000000,0.000000,0
3896,1.000000,308,4,0.000000,0.000000,0.000000,0.000000,0.000000,1.000000,0.000000,0.000000,1.000000,0.000000,0.000000,0.000000,0
3900,1.000000,308,4,0.000000,0.000000,0.000000,0.000000,0.000000,1.000000,0.000000,0.000000,1.000000,0.000000,0.000000,0.000000,0
3904,1.000000,308,4,0.000000,0.000000,0.000000,0.000000,0.000000,1.000000,0.000000,0.000000,1.000000,0.000000,0.000000,0.000000,0
3908,1.000000,308,4,0.000000,0.000000,0.000000,0.000000,0.000000,1.000000,0.000000,0.000000,1.000000,0.000000,0.000000,0.000000,0
3912,1.000000,307,4,0.000000,0.000000,0.000000,0.000000,0.000000,1.000000,0.000000,0.000000,1.000000,0.000000,0.000000,0.000000,0
3916,1.000000,307,4,0.000000,0.000000,0.000000,0.000000,0.000000,1.000000,0.000000,0.000000,1.000000,0.000000,0.000000,0.000000,0
3920,1.000000,306,4,0.000000,0.000000,0.000000,0.000000,0.000000,1.000000,0.000000,0.000000,1.000000,0.000000,0.000000,0.000000,0
3924,1.000000,305,4,0.000000,0.000000,0.000000,0.000000,0.000000,1.000000,0.000000,0.000000,1.000000,0.000000,0.000000,0.000000,0
3928,1.000000,304,4,0.000000,0.000000,0.000000,0.000000,0.000000,1.000000,0.000000,0.000000,1.000000,0.000000,0.000000,0.000000,0
3932,1.000000,302,4,0.000000,0.000000,0.000000,0.000000,0.000000,1.000000,0.000000,0.000000,1.000000,0.000000,0.000000,0.000000,0
3936,1.000000,301,4,0.000000,0.000000,0.000000,0.000000,0.000000,1.000000,0.000000,0.000000,1.000000,0.000000,0.000000,0.000000,0
3940,1.000000,299,4,0.000000,0.000000,0.000000,0.000000,0.000000,1.000000,0.000000,0.000000,1.000000,0.000000,0.000000,0.000000,0
3944,1.000000,297,4,0.000000,0.000000,0.000000,0.000000,0.000000,1.000000,0.000000,0.000000,1.000000,0.000000,0.000000,0.000000,0
3948,1.000000,295,4,0.000000,0.000000,0.000000,0.000000,0.000000,1.000000,0.000000,0.000000,1.000000,0.000000,0.000000,0.000000,0
3952,1.000000,293,4,0.000000,0.000000,0.000000,0.000000,0.000000,1.000000,0.000000,0.000000,1.000000,0.000000,0.000000,0.000000,0
3956,1.000000,290,4,0.000000,0.000000,0.000000,0.000000,0.000000,1.000000,0.000000,0.000000,1.000000,0.000000,0.000000,0.000000,0
3960,1.000000,288,4,0.000000,0.000000,0.000000,0.000000,0.000000,1.000000,0.000000,0.000000,1.000000,0.000000,0.000000,0.000000,0
3964,1.000000,285,4,0.000000,0.000000,0.000000,0.000000,0.000000,1.000000,0.000000,0.000000,1.000000,0.000000,0.000000,0.000000,0
3968,1.000000,282,4,0.000000,0.000000,0.000000,0.000000,0.000000,1.000000,0.000000,0.000000,1.000000,0.000000,0.000000,0.000000,0
3972,1.000000,278,4,0.000000,0.000000,0.000000,0.000000,0.000000,1.000000,0.000000,0.000000,1.000000,0.000000,0.000000,0.000000,0
3976,1.000000,274,4,0.000000,0.000000,0.000000,0.000000,0.000000,1.000000,0.000000,0.000000,1.000000,0.000000,0.000000,0.000000,0
3980,1.000000,271,4,0.000000,0.000000,0.000000,0.000000,0.000000,1.000000,0.000000,0.000000,1.000000,0.000000,0.000000,0.000000,0
3984,1.000000,267,4,0.000000,0.000000,0.000000,0.000000,0.000000,1.000000,0.000000,0.000000,1.000000,0.000000,0.000000,0.000000,0
3988,1.000000,262,4,0.000000,0.000000,0.000000,0.000000,0.000000,1.000000,0.000000,0.000000,1.000000,0.000000,0.000000,0.000000,0
3992,1.000000,258,4,0.000000,0.000000,0.000000,0.000000,0.000000,1.000000,0.000000,0.000000,1.000000,0.000000,0.000000,0.000000,0
3996,1.000000,253,4,0.000000,0.000000,0.000000,0.000000,0.000000,1.000000,0.000000,0.000000,1.000000,0.000000,0.000000,0.000000,0
4000,1.000000,248,4,0.000000,0.000000,0.000000,0.000000,0.000000,1.000000,0.000000,0.000000,1.000000,0.000000,0.000000,0.000000,0
4004,1.000000,242,4,0.000000,0.000000,0.000000,0.000000,0.000000,1.000000,0.000000,0.000000,1.000000,0.000000,0.000000,0.000000,0
4008,1.000000,237,4,0.000000,0.000000,0.000000,0.000000,0.000000,1.000000,0.000000,0.000000,1.000000,0.000000,0.000000,0.000000,0
4012,1.000000,231,4,0.000000,0.000000,0.000000,0.000000,0.000000,1.000000,0.000000,0.000000,1.000000,0.000000,0.000000,0.000000,0
4016,1.000000,225,4,0.000000,0.000000,0.000000,0.000000,0.000000,1.000000,0.000000,0.000000,1.000000,0.000000,0.000000,0.000000,0
4020,1.000000,218,4,0.000000,0.000000,0.000000,0.000000,0.000000,1.000000,0.000000,0.000000,1.000000,0.000000,0.000000,0.000000,0
4024,1.000000,212,4,0.000000,0.000000,0.000000,0.000000,0.000000,1.000000,0.000000,0.000000,1.000000,0.000000,0.000000,0.000000,0
4028,1.000000,205,4,0.000000,0.000000,0.000000,0.000000,0.000000,1.000000,0.000000,0.000000,1.000000,0.000000,0.000000,0.000000,0
4032,1.000000,198,4,0.000000,0.000000,0.000000,0.000000,0.000000,1.000000,0.000000,0.000000,1.000000,0.000000,0.000000,0.000000,0
4036,1.000000,190,4,0.000000,0.000000,0.000000,0.000000,0.000000,1.000000,0.000000,0.000000,1.000000,0.000000,0.000000,0.000000,0
4040,1.000000,183,4,0.000000,0.000000,0.000000,0.000000,0.000000,1.000000,0.000000,0.000000,1.000000,0.000000,0.000000,0.000000,0
4044,1.000000,175,4,0.000000,0.000000,0.000000,0.000000,0.000000,1.000000,0.000000,0.000000,1.000000,0.000000,0.000000,0.000000,0
4048,1.000000,167,4,0.000000,0.000000,0.000000,0.000000,0.000000,1.000000,0.000000,0.000000,1.000000,0.000000,0.000000,0.000000,0
4052,1.000000,158,4,0.000000,0.000000,0.000000,0.000000,0.000000,1.000000,0.000000,0.000000,1.000000,0.000000,0.000000,0.000000,0
4056,1.000000,150,4,0.000000,0.000000,0.000000,0.000000,0.000000,1.000000,0.000000,0.000000,1.000000,0.000000,0.000000,0.000000,0
4060,1.000000,141,4,0.000000,0.000000,0.000000,0.000000,0.000000,1.000000,0.000000,0.000000,1.000000,0.000000,0.000000,0.000000,0
4064,1.000000,132,4,0.000000,0.000000,0.000000,0.000000,0.000000,1.000000,0.000000,0.000000,1.000000,0.000000,0.000000,0.000000,0
4068,1.000000,123,4,0.000000,0.000000,0.000000,0.000000,0.000000,1.000000,0.000000,0.000000,1.000000,0.000000,0.000000,0.000000,0
4072,1.000000,114,4,0.000000,0.000000,0.000000,0.000000,0.000000,1.000000,0.000000,0.000000,1.000000,0.000000,0.000000,0.000000,0
4076,1.000000,105,4,0.000000,0.000000,0.000000,0.000000,0.000000,1.000000,0.000000,0.000000,1.000000,0.000000,0.000000,0.000000,0
4080,1.000000,95,4,0.000000,0.000000,0.000000,0.000000,0.000000,1.000000,0.000000,0.000000,1.000000,0.000000,0.000000,0.000000,0
4084,1.000000,86,4,0.000000,0.000000,0.000000,0.000000,0.000000,1.000000,0.000000,0.000000,1.000000,0.000000,0.000000,0.000000,0
4088,1.000000,76,4,0.000000,0.000000,0.000000,0.000000,0.000000,1.000000,0.000000,0.000000,1.000000,0.000000,0.000000,0.000000,0
4092,1.000000,66,4,0.000000,0.000000,0.000000,0.000000,0.000000,1.000000,0.000000,0.000000,1.000000,0.000000,0.000000,0.000000,0
4096,1.000000,57,4,0.000000,0.000000,0.000000,0.000000,0.000000,1.000000,0.000000,0.000000,1.000000,0.000000,0.000000,0.000000,0
4100,1.000000,47,4,0.000000,0.000000,0.000000,0.000000,0.000000,1.000000,0.000000,0.000000,1.000000,0.000000,0.000000,0.000000,0
4104,1.000000,37,4,0.000000,0.000000,0.000000,0.000000,0.000000,1.000000,0.000000,0.000000,1.000000,0.000000,0.000000,0.000000,0
4108,1.000000,28,4,0.000000,0.000000,0.000000,0.000000,0.000000,1.000000,0.000000,0.000000,1.000000,0.000000,0.000000,0.000000,0
4112,1.000000,18,4,0.000000,0.000000,0.000000,0.000000,0.000000,1.000000,0.000000,0.000000,1.000000,0.000000,0.000000,0.000000,0
4116,1.000000,9,4,0.000000,0.000000,0.000000,0.000000,0.000000,1.000000,0.000000,0.000000,1.000000,0.000000,0.000000,0.000000,0
