t,alpha,w,h,ring,horns,eyes,copy,drain,line,tilt,turn,squash,wink,horn_lag,frame
0,0.000000,0,4,0.000000,0.000000,0.000000,0.000000,1.000000,1.000000,0.000000,0.000000,1.000000,0.000000,0.000000,0
4,0.005572,13,4,0.000000,0.000000,0.000000,0.000000,1.000000,1.000000,0.000000,0.000000,1.000000,0.000000,0.000000,0
8,0.023902,26,4,0.000000,0.000000,0.000000,0.000000,1.000000,1.000000,0.000000,0.000000,1.000000,0.000000,0.000000,0
12,0.057722,39,4,0.000000,0.000000,0.000000,0.000000,1.000000,1.000000,0.000000,0.000000,1.000000,0.000000,0.000000,0
16,0.109868,52,4,0.000000,0.000000,0.000000,0.000000,1.000000,1.000000,0.000000,0.000000,1.000000,0.000000,0.000000,0
20,0.182259,65,4,0.000000,0.000000,0.000000,0.000000,1.000000,1.000000,0.000000,0.000000,1.000000,0.000000,0.000000,0
24,0.273871,77,4,0.000000,0.000000,0.000000,0.000000,1.000000,1.000000,0.000000,0.000000,1.000000,0.000000,0.000000,0
28,0.378725,89,4,0.000000,0.000000,0.000000,0.000000,1.000000,1.000000,0.000000,0.000000,1.000000,0.000000,0.000000,0
32,0.486784,101,4,0.000000,0.000000,0.000000,0.000000,1.000000,1.000000,0.000000,0.000000,1.000000,0.000000,0.000000,0
36,0.588418,113,4,0.000000,0.000000,0.000000,0.000000,1.000000,1.000000,0.000000,0.000000,1.000000,0.000000,0.000000,0
40,0.677973,124,4,0.000000,0.000000,0.000000,0.000000,1.000000,1.000000,0.000000,0.000000,1.000000,0.000000,0.000000,0
44,0.753738,134,4,0.000000,0.000000,0.000000,0.000000,1.000000,1.000000,0.000000,0.000000,1.000000,0.000000,0.000000,0
48,0.816248,145,4,0.000000,0.000000,0.000000,0.000000,1.000000,1.000000,0.000000,0.000000,1.000000,0.000000,0.000000,0
52,0.866907,154,4,0.000000,0.000000,0.000000,0.000000,1.000000,1.000000,0.000000,0.000000,1.000000,0.000000,0.000000,0
56,0.907271,164,4,0.000000,0.000000,0.000000,0.000000,1.000000,1.000000,0.000000,0.000000,1.000000,0.000000,0.000000,0
60,0.938773,173,4,0.000000,0.000000,0.000000,0.000000,1.000000,1.000000,0.000000,0.000000,1.000000,0.000000,0.000000,0
64,0.962647,181,4,0.000000,0.000000,0.000000,0.000000,1.000000,1.000000,0.000000,0.000000,1.000000,0.000000,0.000000,0
68,0.979922,189,4,0.000000,0.000000,0.000000,0.000000,1.000000,1.000000,0.000000,0.000000,1.000000,0.000000,0.000000,0
72,0.991453,197,4,0.000000,0.000000,0.000000,0.000000,1.000000,1.000000,0.000000,0.000000,1.000000,0.000000,0.000000,0
76,0.997949,204,4,0.000000,0.000000,0.000000,0.000000,1.000000,1.000000,0.000000,0.000000,1.000000,0.000000,0.000000,0
80,1.000000,210,4,0.000000,0.000000,0.000000,0.000000,1.000000,1.000000,0.000000,0.000000,1.000000,0.000000,0.000000,0
84,1.000000,217,4,0.000000,0.000000,0.000000,0.000000,1.000000,1.000000,0.000000,0.000000,1.000000,0.000000,0.000000,0
88,1.000000,223,4,0.000000,0.000000,0.000000,0.000000,1.000000,1.000000,0.000000,0.000000,1.000000,0.000000,0.000000,0
92,1.000000,229,4,0.000000,0.000000,0.000000,0.000000,1.000000,1.000000,0.000000,0.000000,1.000000,0.000000,0.000000,0
96,1.000000,234,4,0.000000,0.000000,0.000000,0.000000,1.000000,1.000000,0.000000,0.000000,1.000000,0.000000,0.000000,0
100,1.000000,239,4,0.000000,0.000000,0.000000,0.000000,1.000000,1.000000,0.000000,0.000000,1.000000,0.000000,0.000000,0
104,1.000000,244,4,0.000000,0.000000,0.000000,0.000000,1.000000,1.000000,0.000000,0.000000,1.000000,0.000000,0.000000,0
108,1.000000,248,4,0.000000,0.000000,0.000000,0.000000,1.000000,1.000000,0.000000,0.000000,1.000000,0.000000,0.000000,0
112,1.000000,253,4,0.000000,0.000000,0.000000,0.000000,1.000000,1.000000,0.000000,0.000000,1.000000,0.000000,0.000000,0
116,1.000000,257,4,0.000000,0.000000,0.000000,0.000000,1.000000,1.000000,0.000000,0.000000,1.000000,0.000000,0.000000,0
120,1.000000,260,4,0.000000,0.000000,0.000000,0.000000,1.000000,1.000000,0.000000,0.000000,1.000000,0.000000,0.000000,0
124,1.000000,264,4,0.000000,0.000000,0.000000,0.000000,1.000000,1.000000,0.000000,0.000000,1.000000,0.000000,0.000000,0
128,1.000000,267,4,0.000000,0.000000,0.000000,0.000000,1.000000,1.000000,0.000000,0.000000,1.000000,0.000000,0.000000,0
132,1.000000,270,4,0.000000,0.000000,0.000000,0.000000,1.000000,1.000000,0.000000,0.000000,1.000000,0.000000,0.000000,0
136,1.000000,273,4,0.000000,0.000000,0.000000,0.000000,1.000000,1.000000,0.000000,0.000000,1.000000,0.000000,0.000000,0
140,1.000000,276,4,0.000000,0.000000,0.000000,0.000000,1.000000,1.000000,0.000000,0.000000,1.000000,0.000000,0.000000,0
144,1.000000,279,4,0.000000,0.000000,0.000000,0.000000,1.000000,1.000000,0.000000,0.000000,1.000000,0.000000,0.000000,0
148,1.000000,281,4,0.000000,0.000000,0.000000,0.000000,1.000000,1.000000,0.000000,0.000000,1.000000,0.000000,0.000000,0
152,1.000000,284,4,0.000000,0.000000,0.000000,0.000000,1.000000,1.000000,0.000000,0.000000,1.000000,0.000000,0.000000,0
156,1.000000,286,4,0.000000,0.000000,0.000000,0.000000,1.000000,1.000000,0.000000,0.000000,1.000000,0.000000,0.000000,0
160,1.000000,288,4,0.000000,0.000000,0.000000,0.000000,1.000000,1.000000,0.000000,0.000000,1.000000,0.000000,0.000000,0
164,1.000000,290,4,0.000000,0.000000,0.000000,0.000000,1.000000,1.000000,0.000000,0.000000,1.000000,0.000000,0.000000,0
168,1.000000,291,4,0.000000,0.000000,0.000000,0.000000,1.000000,1.000000,0.000000,0.000000,1.000000,0.000000,0.000000,0
172,1.000000,293,4,0.000000,0.000000,0.000000,0.000000,1.000000,1.000000,0.000000,0.000000,1.000000,0.000000,0.000000,0
176,1.000000,295,4,0.000000,0.000000,0.000000,0.000000,1.000000,1.000000,0.000000,0.000000,1.000000,0.000000,0.000000,0
180,1.000000,296,4,0.000000,0.000000,0.000000,0.000000,1.000000,1.000000,0.000000,0.000000,1.000000,0.000000,0.000000,0
184,1.000000,297,4,0.000000,0.000000,0.000000,0.000000,1.000000,1.000000,0.000000,0.000000,1.000000,0.000000,0.000000,0
188,1.000000,299,4,0.000000,0.000000,0.000000,0.000000,1.000000,1.000000,0.000000,0.000000,1.000000,0.000000,0.000000,0
192,1.000000,300,4,0.000000,0.000000,0.000000,0.000000,1.000000,1.000000,0.000000,0.000000,1.000000,0.000000,0.000000,0
196,1.000000,301,4,0.000000,0.000000,0.000000,0.000000,1.000000,1.000000,0.000000,0.000000,1.000000,0.000000,0.000000,0
200,1.000000,302,4,0.000000,0.000000,0.000000,0.000000,1.000000,1.000000,0.000000,0.000000,1.000000,0.000000,0.000000,0
204,1.000000,303,4,0.000000,0.000000,0.000000,0.000000,1.000000,1.000000,0.000000,0.000000,1.000000,0.000000,0.000000,0
208,1.000000,303,4,0.000000,0.000000,0.000000,0.000000,1.000000,1.000000,0.000000,0.000000,1.000000,0.000000,0.000000,0
212,1.000000,304,4,0.000000,0.000000,0.000000,0.000000,1.000000,1.000000,0.000000,0.000000,1.000000,0.000000,0.000000,0
216,1.000000,305,4,0.000000,0.000000,0.000000,0.000000,1.000000,1.000000,0.000000,0.000000,1.000000,0.000000,0.000000,0
220,1.000000,305,4,0.000000,0.000000,0.000000,0.000000,1.000000,1.000000,0.000000,0.000000,1.000000,0.000000,0.000000,0
224,1.000000,306,4,0.000000,0.000000,0.000000,0.000000,1.000000,1.000000,0.000000,0.000000,1.000000,0.000000,0.000000,0
228,1.000000,306,4,0.000000,0.000000,0.000000,0.000000,1.000000,1.000000,0.000000,0.000000,1.000000,0.000000,0.000000,0
232,1.000000,307,4,0.000000,0.000000,0.000000,0.000000,1.000000,1.000000,0.000000,0.000000,1.000000,0.000000,0.000000,0
236,1.000000,307,4,0.000000,0.000000,0.000000,0.000000,1.000000,1.000000,0.000000,0.000000,1.000000,0.000000,0.000000,0
240,1.000000,307,4,0.000000,0.000000,0.000000,0.000000,1.000000,1.000000,0.000000,0.000000,1.000000,0.000000,0.000000,0
244,1.000000,308,4,0.000000,0.000000,0.000000,0.000000,1.000000,1.000000,0.000000,0.000000,1.000000,0.000000,0.000000,0
248,1.000000,308,4,0.000000,0.000000,0.000000,0.000000,1.000000,1.000000,0.000000,0.000000,1.000000,0.000000,0.000000,0
252,1.000000,308,4,0.000000,0.000000,0.000000,0.000000,1.000000,1.000000,0.000000,0.000000,1.000000,0.000000,0.000000,0
256,1.000000,308,4,0.000000,0.000000,0.000000,0.000000,1.000000,1.000000,0.000000,0.000000,1.000000,0.000000,0.000000,0
260,1.000000,308,4,0.000000,0.000000,0.000000,0.000000,1.000000,1.000000,0.000000,0.000000,1.000000,0.000000,0.000000,0
264,1.000000,308,4,0.000000,0.000000,0.000000,0.000000,1.000000,1.000000,0.000000,0.000000,1.000000,0.000000,0.000000,0
268,1.000000,308,4,0.000000,0.000000,0.000000,0.000000,1.000000,1.000000,0.000000,0.000000,1.000000,0.000000,0.000000,0
272,1.000000,308,4,0.000000,0.000000,0.000000,0.000000,1.000000,1.000000,0.000000,0.000000,1.000000,0.000000,0.000000,0
276,1.000000,308,4,0.000000,0.000000,0.000000,0.000000,1.000000,1.000000,0.000000,0.000000,1.000000,0.000000,0.000000,0
280,1.000000,308,4,0.000000,0.000000,0.000000,0.000000,1.000000,1.000000,0.000000,0.000000,1.000000,0.000000,0.000000,0
284,1.000000,308,4,0.000000,0.000000,0.000000,0.000000,1.000000,1.000000,0.000000,0.000000,1.000000,0.000000,0.000000,0
288,1.000000,308,4,0.000000,0.000000,0.000000,0.000000,1.000000,1.000000,0.000000,0.000000,1.000000,0.000000,0.000000,0
292,1.000000,308,4,0.000000,0.000000,0.000000,0.000000,1.000000,1.000000,0.000000,0.000000,1.000000,0.000000,0.000000,0
296,1.000000,308,4,0.000000,0.000000,0.000000,0.000000,1.000000,1.000000,0.000000,0.000000,1.000000,0.000000,0.000000,0
300,1.000000,308,4,0.000000,0.000000,0.000000,0.000000,1.000000,1.000000,0.000000,0.000000,1.000000,0.000000,0.000000,0
304,1.000000,308,4,0.000000,0.000000,0.000000,0.000000,1.000000,1.000000,0.000000,0.000000,1.000000,0.000000,0.000000,0
308,1.000000,308,4,0.000000,0.000000,0.000000,0.000000,1.000000,1.000000,0.000000,0.000000,1.000000,0.000000,0.000000,0
312,1.000000,308,4,0.000000,0.000000,0.000000,0.000000,1.000000,1.000000,0.000000,0.000000,1.000000,0.000000,0.000000,0
316,1.000000,308,4,0.000000,0.000000,0.000000,0.000000,1.000000,1.000000,0.000000,0.000000,1.000000,0.000000,0.000000,0
320,1.000000,308,4,0.000000,0.000000,0.000000,0.000000,1.000000,1.000000,0.000000,0.000000,1.000000,0.000000,0.000000,0
324,1.000000,308,7,0.000000,0.000000,0.000000,0.000000,1.000000,0.986207,0.000000,0.000000,1.000000,0.000000,0.000000,0
328,1.000000,308,10,0.000000,0.000000,0.000000,0.000000,1.000000,0.972414,0.000000,0.000000,1.000000,0.000000,0.000000,0
332,1.000000,308,14,0.000000,0.000000,0.000000,0.000000,1.000000,0.958621,0.000000,0.000000,1.000000,0.000000,0.000000,0
336,1.000000,308,17,0.000000,0.000000,0.000000,0.000000,1.000000,0.944828,0.000000,0.000000,1.000000,0.000000,0.000000,0
340,1.000000,308,19,0.000000,0.000000,0.000000,0.000000,1.000000,0.931034,0.000000,0.000000,1.000000,0.000000,0.000000,0
344,1.000000,308,22,0.000000,0.000000,0.000000,0.000000,1.000000,0.917241,0.000000,0.000000,1.000000,0.000000,0.000000,0
348,1.000000,308,25,0.000000,0.000000,0.000000,0.000000,1.000000,0.903448,0.000000,0.000000,1.000000,0.000000,0.000000,0
352,1.000000,308,28,0.000000,0.000000,0.000000,0.000000,1.000000,0.889655,0.000000,0.000000,1.000000,0.000000,0.000000,0
356,1.000000,308,30,0.000000,0.000000,0.000000,0.000000,1.000000,0.875862,0.000000,0.000000,1.000000,0.000000,0.000000,0
360,1.000000,308,32,0.000000,0.000000,0.000000,0.000000,1.000000,0.862069,0.000000,0.000000,1.000000,0.000000,0.000000,0
364,1.000000,308,35,0.000000,0.000000,0.000000,0.000000,1.000000,0.848276,0.000000,0.000000,1.000000,0.000000,0.000000,0
368,1.000000,308,37,0.000000,0.000000,0.000000,0.000000,1.000000,0.834483,0.000000,0.000000,1.000000,0.000000,0.000000,0
372,1.000000,308,39,0.000000,0.000000,0.000000,0.000000,1.000000,0.820690,0.000000,0.000000,1.000000,0.000000,0.000000,0
376,1.000000,308,41,0.000000,0.000000,0.000000,0.000000,1.000000,0.806897,0.000000,0.000000,1.000000,0.000000,0.000000,0
380,1.000000,308,43,0.000000,0.000000,0.000000,0.000000,1.000000,0.793103,0.000000,0.000000,1.000000,0.000000,0.000000,0
384,1.000000,308,45,0.000000,0.000000,0.000000,0.000000,1.000000,0.779310,0.000000,0.000000,1.000000,0.000000,0.000000,0
388,1.000000,308,47,0.000000,0.000000,0.000000,0.000000,1.000000,0.765517,0.000000,0.000000,1.000000,0.000000,0.000000,0
392,1.000000,308,49,0.000000,0.000000,0.000000,0.000000,1.000000,0.751724,0.000000,0.000000,1.000000,0.000000,0.000000,0
396,1.000000,308,50,0.000000,0.000000,0.000000,0.000000,1.000000,0.737931,0.000000,0.000000,1.000000,0.000000,0.000000,0
400,1.000000,308,52,0.000000,0.000000,0.000000,0.000000,1.000000,0.724138,0.000000,0.000000,1.000000,0.000000,0.000000,0
404,1.000000,308,54,0.000000,0.000000,0.000000,0.000000,1.000000,0.710345,0.000000,0.000000,1.000000,0.000000,0.000000,0
408,1.000000,308,55,0.000000,0.000000,0.000000,0.000000,1.000000,0.696552,0.000000,0.000000,1.000000,0.000000,0.000000,0
412,1.000000,308,56,0.000000,0.000000,0.000000,0.000000,1.000000,0.682759,0.000000,0.000000,1.000000,0.000000,0.000000,0
416,1.000000,308,58,0.000000,0.000000,0.000000,0.000000,1.000000,0.668966,0.000000,0.000000,1.000000,0.000000,0.000000,0
420,1.000000,308,59,0.000000,0.000000,0.000000,0.000000,1.000000,0.655172,0.000000,0.000000,1.000000,0.000000,0.000000,0
424,1.000000,308,60,0.000000,0.000000,0.000000,0.000000,1.000000,0.641379,0.000000,0.000000,1.000000,0.000000,0.000000,0
428,1.000000,308,61,0.000000,0.000000,0.000000,0.000000,1.000000,0.627586,0.000000,0.000000,1.000000,0.000000,0.000000,0
432,1.000000,308,63,0.000000,0.000000,0.000000,0.000000,1.000000,0.613793,0.000000,0.000000,1.000000,0.000000,0.000000,0
436,1.000000,308,64,0.000000,0.000000,0.000000,0.000000,1.000000,0.600000,0.000000,0.000000,1.000000,0.000000,0.000000,0
440,1.000000,308,65,0.000000,0.000000,0.000000,0.000000,1.000000,0.586207,0.000000,0.000000,1.000000,0.000000,0.000000,1
444,1.000000,308,65,0.000160,0.000000,0.000000,0.065754,1.000000,0.572414,0.000000,0.000000,1.000000,0.000000,0.000000,1
448,1.000000,308,66,0.000650,0.000000,0.000000,0.128404,1.000000,0.558621,0.000000,0.000000,1.000000,0.000000,0.000000,2
452,1.000000,308,67,0.001485,0.000000,0.000000,0.188049,1.000000,0.544828,0.000000,0.000000,1.000000,0.000000,0.000000,2
456,1.000000,308,68,0.002682,0.000000,0.000000,0.244786,1.000000,0.531034,0.000000,0.000000,1.000000,0.000000,0.000000,3
460,1.000000,308,69,0.004259,0.000000,0.000000,0.298706,1.000000,0.517241,0.000000,0.000000,1.000000,0.000000,0.000000,3
464,1.000000,308,69,0.006234,0.000000,0.000000,0.349902,1.000000,0.503448,0.000000,0.000000,1.000000,0.000000,0.000000,4
468,1.000000,308,70,0.008628,0.000000,0.000000,0.398459,1.000000,0.489655,0.000000,0.000000,1.000000,0.000000,0.000000,4
472,1.000000,308,71,0.011460,0.000000,0.000000,0.444464,1.000000,0.475862,0.000000,0.000000,1.000000,0.000000,0.000000,5
476,1.000000,308,71,0.014754,0.000000,0.000000,0.488000,1.000000,0.462069,0.000000,0.000000,1.000000,0.000000,0.000000,5
480,1.000000,308,72,0.018533,0.000000,0.000000,0.529147,1.000000,0.448276,0.000000,0.000000,1.000000,0.000000,0.000000,6
484,1.000000,308,72,0.022821,0.000000,0.000000,0.567984,1.000000,0.434483,0.000000,0.000000,1.000000,0.000000,0.000000,6
488,1.000000,308,73,0.027645,0.000000,0.000000,0.604589,1.000000,0.420690,0.000000,0.000000,1.000000,0.000000,0.000000,7
492,1.000000,308,73,0.033033,0.000000,0.000000,0.639036,1.000000,0.406897,0.000000,0.000000,1.000000,0.000000,0.000000,7
496,1.000000,308,73,0.039012,0.000000,0.000000,0.671399,1.000000,0.393103,0.000000,0.000000,1.000000,0.000000,0.000000,8
500,1.000000,308,74,0.045613,0.000000,0.000000,0.701750,1.000000,0.379310,0.000000,0.000000,1.000000,0.000000,0.000000,8
504,1.000000,308,74,0.052867,0.000000,0.000000,0.730160,1.000000,0.365517,0.000000,0.000000,1.000000,0.000000,0.000000,9
508,1.000000,308,74,0.060805,0.000000,0.000000,0.756699,1.000000,0.351724,0.000000,0.000000,1.000000,0.000000,0.000000,9
512,1.000000,308,75,0.069458,0.000000,0.000000,0.781434,1.000000,0.337931,0.000000,0.000000,1.000000,0.000000,0.000000,10
516,1.000000,308,75,0.078859,0.000000,0.000000,0.804432,1.000000,0.324138,0.000000,0.000000,1.000000,0.000000,0.000000,10
520,1.000000,308,75,0.089039,0.000000,0.000000,0.825761,1.000000,0.310345,0.000000,0.000000,1.000000,0.000000,0.000000,11
524,1.000000,308,75,0.100028,0.000000,0.000000,0.845485,1.000000,0.296552,0.000000,0.000000,1.000000,0.000000,0.000000,11
528,1.000000,308,75,0.111853,0.000000,0.000000,0.863668,1.000000,0.282759,0.000000,0.000000,1.000000,0.000000,0.000000,12
532,1.000000,308,76,0.124537,0.000000,0.000000,0.880374,1.000000,0.268966,0.000000,0.000000,1.000000,0.000000,0.000000,12
536,1.000000,308,76,0.138101,0.000000,0.000000,0.895667,1.000000,0.255172,0.000000,0.000000,1.000000,0.000000,0.000000,13
540,1.000000,308,76,0.152555,0.000000,0.000000,0.909609,1.000000,0.241379,0.000000,0.000000,1.000000,0.000000,0.000000,13
544,1.000000,308,76,0.167905,0.000000,0.000000,0.922262,1.000000,0.227586,0.000000,0.000000,1.000000,0.000000,0.000000,14
548,1.000000,308,76,0.184144,0.000000,0.000000,0.933687,1.000000,0.213793,0.000000,0.000000,1.000000,0.000000,0.000000,14
552,1.000000,308,76,0.201255,0.000000,0.000000,0.943947,1.000000,0.200000,0.000000,0.000000,1.000000,0.000000,0.000000,15
556,1.000000,308,76,0.219205,0.000000,0.000000,0.953102,1.000000,0.186207,0.000000,0.000000,1.000000,0.000000,0.000000,15
560,1.000000,308,76,0.237947,0.000000,0.000000,0.961214,1.000000,0.172414,0.000000,0.000000,1.000000,0.000000,0.000000,16
564,1.000000,308,76,0.257422,0.000000,0.000000,0.968343,1.000000,0.158621,0.000000,0.000000,1.000000,0.000000,0.000000,16
568,1.000000,308,76,0.277550,0.000000,0.000000,0.974551,1.000000,0.144828,0.000000,0.000000,1.000000,0.000000,0.000000,17
572,1.000000,308,76,0.298242,0.000000,0.000000,0.979900,1.000000,0.131034,0.000000,0.000000,1.000000,0.000000,0.000000,17
576,1.000000,308,76,0.319394,0.000000,0.000000,0.984450,1.000000,0.117241,0.000000,0.000000,1.000000,0.000000,0.000000,18
580,1.000000,308,76,0.340895,0.000000,0.000000,0.988264,1.000000,0.103448,0.000000,0.000000,1.000000,0.000000,0.000000,18
584,1.000000,308,76,0.362627,0.000000,0.000000,0.991404,1.000000,0.089655,0.000000,0.000000,1.000000,0.000000,0.000000,19
588,1.000000,308,76,0.384472,0.000000,0.000000,0.993933,1.000000,0.075862,0.000000,0.000000,1.000000,0.000000,0.000000,19
592,1.000000,308,76,0.406316,0.000000,0.000000,0.995915,1.000000,0.062069,0.000000,0.000000,1.000000,0.000000,0.000000,20
596,1.000000,308,76,0.428050,0.000000,0.000000,0.997414,1.000000,0.048276,0.000000,0.000000,1.000000,0.000000,0.000000,20
600,1.000000,308,76,0.449574,0.000000,0.000000,0.998495,1.000000,0.034483,0.000000,0.000000,1.000000,0.000000,0.000000,21
604,1.000000,308,76,0.470799,0.000000,0.000000,0.999225,1.000000,0.020690,0.000000,0.000000,1.000000,0.000000,0.000000,21
608,1.000000,308,76,0.491651,0.000000,0.000000,0.999671,1.000000,0.006897,0.000000,0.000000,1.000000,0.000000,0.000000,22
612,1.000000,308,76,0.512066,0.000000,0.000000,0.999902,1.000000,0.000000,0.000000,0.000000,1.000000,0.000000,0.000000,22
616,1.000000,308,76,0.531993,0.000000,0.000000,0.999988,1.000000,0.000000,0.000000,0.000000,1.000000,0.000000,0.000000,23
620,1.000000,308,76,0.551396,0.000000,0.000000,1.000000,1.000000,0.000000,0.000000,0.000000,1.000000,0.000000,0.000000,23
624,1.000000,308,76,0.570244,0.000000,0.000000,1.000000,0.998450,0.000000,0.000000,0.000000,1.000000,0.000000,0.000000,24
628,1.000000,308,76,0.588519,0.000000,0.000000,1.000000,0.996899,0.000000,0.000000,0.000000,1.000000,0.000000,0.000000,24
632,1.000000,308,76,0.606211,0.000000,0.000000,1.000000,0.995349,0.000000,0.000000,0.000000,1.000000,0.000000,0.000000,25
636,1.000000,308,76,0.623315,0.000000,0.000000,1.000000,0.993798,0.000000,0.000000,0.000000,1.000000,0.000000,0.000000,25
640,1.000000,308,76,0.639832,0.000000,0.000000,1.000000,0.992248,0.000000,0.000000,0.000000,1.000000,0.000000,0.000000,26
644,1.000000,308,76,0.655768,0.000000,0.000000,1.000000,0.990698,0.000000,0.000000,0.000000,1.000000,0.000000,0.000000,26
648,1.000000,308,76,0.671132,0.000000,0.000000,1.000000,0.989147,0.000000,0.000000,0.000000,1.000000,0.000000,0.000000,27
652,1.000000,308,76,0.685934,0.000000,0.000000,1.000000,0.987597,0.000000,0.000000,0.000000,1.000000,0.000000,0.000000,27
656,1.000000,308,76,0.700189,0.000000,0.000000,1.000000,0.986047,0.000000,0.000000,0.000000,1.000000,0.000000,0.000000,28
660,1.000000,308,76,0.713911,0.000000,0.000000,1.000000,0.984496,0.000000,0.000000,0.000000,1.000000,0.000000,0.000000,28
664,1.000000,308,76,0.727116,0.078529,0.000000,1.000000,0.982946,0.000000,0.000000,0.000000,1.000000,0.000000,0.000000,29
668,1.000000,308,76,0.739819,0.152617,0.000000,1.000000,0.981395,0.000000,0.000000,0.000000,1.000000,0.000000,0.000000,29
672,1.000000,308,76,0.752038,0.222434,0.000000,1.000000,0.979845,0.000000,0.000000,0.000000,1.000000,0.000000,0.000000,30
676,1.000000,308,76,0.763788,0.288143,0.000000,1.000000,0.978295,0.000000,0.000000,0.000000,1.000000,0.000000,0.000000,30
680,1.000000,308,76,0.775086,0.349902,0.000000,1.000000,0.976744,0.000000,0.000000,0.000000,1.000000,0.000000,0.000000,31
684,1.000000,308,76,0.785948,0.407862,0.000000,1.000000,0.975194,0.000000,0.000000,0.000000,1.000000,0.000000,0.000000,31
688,1.000000,308,76,0.796389,0.462170,0.000000,1.000000,0.973643,0.000000,0.000000,0.000000,1.000000,0.000000,0.000000,32
692,1.000000,308,76,0.806425,0.512970,0.000000,1.000000,0.972093,0.000000,0.000000,0.000000,1.000000,0.000000,0.000000,32
696,1.000000,308,76,0.816071,0.560398,0.000000,1.000000,0.970543,0.000000,0.000000,0.000000,1.000000,0.000000,0.000000,33
700,1.000000,308,76,0.825339,0.604589,0.000000,1.000000,0.968992,0.000000,0.000000,0.000000,1.000000,0.000000,0.000000,33
704,1.000000,308,76,0.834246,0.645673,0.000000,1.000000,0.967442,0.000000,0.000000,0.000000,1.000000,0.000000,0.000000,34
708,1.000000,308,76,0.842802,0.683777,0.000000,1.000000,0.965891,0.000000,0.000000,0.000000,1.000000,0.000000,0.000000,34
712,1.000000,308,76,0.851022,0.719025,0.000000,1.000000,0.964341,0.000000,0.000000,0.000000,1.000000,0.000000,0.000000,35
716,1.000000,308,76,0.858916,0.751537,0.000000,1.000000,0.962791,0.000000,0.000000,0.000000,1.000000,0.000000,0.000000,35
720,1.000000,308,76,0.866497,0.781434,0.000000,1.000000,0.961240,0.000000,0.000000,0.000000,1.000000,0.000000,0.000000,36
724,1.000000,308,76,0.873775,0.808830,0.000000,1.000000,0.959690,0.000000,0.000000,0.000000,1.000000,0.000000,0.000000,36
728,1.000000,308,76,0.880762,0.833839,0.000000,1.000000,0.958140,0.000000,0.000000,0.000000,1.000000,0.000000,0.000000,37
732,1.000000,308,76,0.887466,0.856575,0.000000,1.000000,0.956589,0.000000,0.000000,0.000000,1.000000,0.000000,0.000000,37
736,1.000000,308,76,0.893898,0.877148,0.000000,1.000000,0.955039,0.000000,0.000000,0.000000,1.000000,0.000000,0.000000,38
740,1.000000,308,76,0.900067,0.895667,0.000000,1.000000,0.953488,0.000000,0.000000,0.000000,1.000000,0.000000,0.000000,38
744,1.000000,308,76,0.905982,0.912241,0.000000,1.000000,0.951938,0.000000,0.000000,0.000000,1.000000,0.000000,0.000000,39
748,1.000000,308,76,0.911650,0.926976,0.000000,1.000000,0.950388,0.000000,0.000000,0.000000,1.000000,0.000000,0.000000,39
752,1.000000,308,76,0.917081,0.939979,0.000000,1.000000,0.948837,0.000000,0.000000,0.000000,1.000000,0.000000,0.000000,40
756,1.000000,308,76,0.922281,0.951357,0.000000,1.000000,0.947287,0.000000,0.000000,0.000000,1.000000,0.000000,0.000000,40
760,1.000000,308,76,0.927258,0.961214,0.000000,1.000000,0.945736,0.000000,0.000000,0.000000,1.000000,0.000000,0.000000,41
764,1.000000,308,76,0.932019,0.969657,0.083967,1.000000,0.944186,0.000000,0.000000,0.000000,1.000000,0.000000,0.000000,41
768,1.000000,308,76,0.936570,0.976791,0.162849,1.000000,0.942636,0.000000,0.000000,0.000000,1.000000,0.000000,0.000000,42
772,1.000000,308,76,0.940918,0.982722,0.236855,1.000000,0.941085,0.000000,0.000000,0.000000,1.000000,0.000000,0.000000,42
776,1.000000,308,76,0.945069,0.987557,0.306185,1.000000,0.939535,0.000000,0.000000,0.000000,1.000000,0.000000,0.000000,43
780,1.000000,308,76,0.949028,0.991404,0.371030,1.000000,0.937984,0.000000,0.000000,0.000000,1.000000,0.000000,0.000000,43
784,1.000000,308,76,0.952802,0.994371,0.431576,1.000000,0.936434,0.000000,0.000000,0.000000,1.000000,0.000000,0.000000,44
788,1.000000,308,76,0.956396,0.996569,0.488000,1.000000,0.934884,0.000000,0.000000,0.000000,1.000000,0.000000,0.000000,44
792,1.000000,308,76,0.959814,0.998109,0.540476,1.000000,0.933333,0.000000,0.000000,0.000000,1.000000,0.000000,0.000000,45
796,1.000000,308,76,0.963062,0.999104,0.589170,1.000000,0.931783,0.000000,0.000000,0.000000,1.000000,0.000000,0.000000,45
800,1.000000,308,76,0.966145,0.999671,0.634244,1.000000,0.930233,0.000000,0.000000,0.000000,1.000000,0.000000,0.000000,46
804,1.000000,308,76,0.969066,0.999928,0.675856,1.000000,0.928682,0.000000,0.000000,0.000000,1.000000,0.000000,0.000000,46
808,1.000000,308,76,0.971830,0.999997,0.714159,1.000000,0.927132,0.000000,0.000000,0.000000,1.000000,0.000000,0.000000,47
812,1.000000,308,76,0.974442,1.000000,0.749303,1.000000,0.925581,0.000000,0.000000,0.000000,1.000000,0.000000,0.000000,47
816,1.000000,308,76,0.976905,1.000000,0.781434,1.000000,0.924031,0.000000,0.000000,0.000000,1.000000,0.000000,0.000000,48
820,1.000000,308,76,0.979224,1.000000,0.810694,1.000000,0.922481,0.000000,0.000000,0.000000,1.000000,0.000000,0.000000,48
824,1.000000,308,76,0.981401,1.000000,0.837224,1.000000,0.920930,0.000000,0.000000,0.000000,1.000000,0.000000,0.000000,49
828,1.000000,308,76,0.983441,1.000000,0.861162,1.000000,0.919380,0.000000,0.000000,0.000000,1.000000,0.000000,0.000000,49
832,1.000000,308,76,0.985347,1.000000,0.882644,1.000000,0.917829,0.000000,0.000000,0.000000,1.000000,0.000000,0.000000,50
836,1.000000,308,76,0.987122,1.000000,0.901804,1.000000,0.916279,0.000000,0.000000,0.000000,1.000000,0.000000,0.000000,50
840,1.000000,308,76,0.988769,1.000000,0.918775,1.000000,0.914729,0.000000,0.000000,0.000000,1.000000,0.000000,0.000000,51
844,1.000000,308,76,0.990292,1.000000,0.933687,1.000000,0.913178,0.000000,0.000000,0.000000,1.000000,0.000000,0.000000,51
848,1.000000,308,76,0.991693,1.000000,0.946673,1.000000,0.911628,0.000000,0.000000,0.000000,1.000000,0.000000,0.000000,52
852,1.000000,308,76,0.992975,1.000000,0.957861,1.000000,0.910078,0.000000,0.000000,0.000000,1.000000,0.000000,0.000000,52
856,1.000000,308,76,0.994141,1.000000,0.967383,1.000000,0.908527,0.000000,0.000000,0.000000,1.000000,0.000000,0.000000,53
860,1.000000,308,76,0.995193,1.000000,0.975367,1.000000,0.906977,0.000000,0.000000,0.000000,1.000000,0.000000,0.000000,53
864,1.000000,308,76,0.996135,1.000000,0.981944,1.000000,0.905426,0.000000,0.000000,0.000000,1.000000,0.000000,0.000000,54
868,1.000000,308,76,0.996968,1.000000,0.987246,1.000000,0.903876,0.000000,0.000000,0.000000,1.000000,0.000000,0.000000,54
872,1.000000,308,76,0.997695,1.000000,0.991404,1.000000,0.902326,0.000000,0.000000,0.000000,1.000000,0.000000,0.000000,55
876,1.000000,308,76,0.998319,1.000000,0.994553,1.000000,0.900775,0.000000,0.000000,0.000000,1.000000,0.000000,0.000000,55
880,1.000000,308,76,0.998841,1.000000,0.996827,1.000000,0.899225,0.000000,0.000000,0.000000,1.000000,0.000000,0.000000,56
884,1.000000,308,76,0.999263,1.000000,0.998364,1.000000,0.897674,0.000000,0.000000,0.000000,1.000000,0.000000,0.000000,56
888,1.000000,308,76,0.999588,1.000000,0.999305,1.000000,0.896124,0.000000,0.000000,0.000000,1.000000,0.000000,0.000000,57
892,1.000000,308,76,0.999818,1.000000,0.999792,1.000000,0.894574,0.000000,0.000000,0.000000,1.000000,0.000000,0.000000,57
896,1.000000,308,76,0.999955,1.000000,0.999974,1.000000,0.893023,0.000000,0.000000,0.000000,1.000000,0.000000,0.000000,58
900,1.000000,308,76,1.000000,1.000000,1.000000,1.000000,0.891473,0.000000,0.000000,0.000000,1.000000,0.000000,0.000000,58
904,1.000000,308,76,1.000000,1.000000,1.000000,1.000000,0.889922,0.000000,0.000000,0.000000,1.000000,0.000000,0.000000,59
908,1.000000,308,76,1.000000,1.000000,1.000000,1.000000,0.888372,0.000000,0.000000,0.000000,1.000000,0.000000,0.000000,0
912,1.000000,308,76,1.000000,1.000000,1.000000,1.000000,0.886822,0.000000,0.000000,0.000000,1.000000,0.000000,0.000000,0
916,1.000000,308,76,1.000000,1.000000,1.000000,1.000000,0.885271,0.000000,0.000000,0.000000,1.000000,0.000000,0.000000,0
920,1.000000,308,76,1.000000,1.000000,1.000000,1.000000,0.883721,0.000000,0.000000,0.000000,1.000000,0.000000,0.000000,0
924,1.000000,308,76,1.000000,1.000000,1.000000,1.000000,0.882171,0.000000,0.000000,0.000000,1.000000,0.000000,0.000000,0
928,1.000000,308,76,1.000000,1.000000,1.000000,1.000000,0.880620,0.000000,0.000000,0.000000,1.000000,0.000000,0.000000,0
932,1.000000,308,76,1.000000,1.000000,1.000000,1.000000,0.879070,0.000000,0.000000,0.000000,1.000000,0.000000,0.000000,0
936,1.000000,308,76,1.000000,1.000000,1.000000,1.000000,0.877519,0.000000,0.000000,0.000000,1.000000,0.000000,0.000000,0
940,1.000000,308,76,1.000000,1.000000,1.000000,1.000000,0.875969,0.000000,0.000000,0.000000,1.000000,0.000000,0.000000,0
944,1.000000,308,76,1.000000,1.000000,1.000000,1.000000,0.874419,0.000000,0.000000,0.000000,1.000000,0.000000,0.000000,0
948,1.000000,308,76,1.000000,1.000000,1.000000,1.000000,0.872868,0.000000,0.000000,0.000000,1.000000,0.000000,0.000000,0
952,1.000000,308,76,1.000000,1.000000,1.000000,1.000000,0.871318,0.000000,0.000000,0.000000,1.000000,0.000000,0.000000,0
956,1.000000,308,76,1.000000,1.000000,1.000000,1.000000,0.869767,0.000000,0.000000,0.000000,1.000000,0.000000,0.000000,0
960,1.000000,308,76,1.000000,1.000000,1.000000,1.000000,0.868217,0.000000,0.000000,0.000000,1.000000,0.000000,0.000000,0
964,1.000000,308,76,1.000000,1.000000,1.000000,1.000000,0.866667,0.000000,0.000000,0.000000,1.000000,0.000000,0.000000,0
968,1.000000,308,76,1.000000,1.000000,1.000000,1.000000,0.865116,0.000000,0.000000,0.000000,1.000000,0.000000,0.000000,0
972,1.000000,308,76,1.000000,1.000000,1.000000,1.000000,0.863566,0.000000,0.000000,0.000000,1.000000,0.000000,0.000000,0
976,1.000000,308,76,1.000000,1.000000,1.000000,1.000000,0.862016,0.000000,0.000000,0.000000,1.000000,0.000000,0.000000,0
980,1.000000,308,76,1.000000,1.000000,1.000000,1.000000,0.860465,0.000000,0.000000,0.000000,1.000000,0.000000,0.000000,0
984,1.000000,308,76,1.000000,1.000000,1.000000,1.000000,0.858915,0.000000,0.000000,0.000000,1.000000,0.000000,0.000000,0
988,1.000000,308,76,1.000000,1.000000,1.000000,1.000000,0.857364,0.000000,0.000000,0.000000,1.000000,0.000000,0.000000,0
992,1.000000,308,76,1.000000,1.000000,1.000000,1.000000,0.855814,0.000000,0.000000,0.000000,1.000000,0.000000,0.000000,0
996,1.000000,308,76,1.000000,1.000000,1.000000,1.000000,0.854264,0.000000,0.000000,0.000000,1.000000,0.000000,0.000000,0
1000,1.000000,308,76,1.000000,1.000000,1.000000,1.000000,0.852713,0.000000,0.000000,0.000000,1.000000,0.000000,0.000000,0
1004,1.000000,308,76,1.000000,1.000000,1.000000,1.000000,0.851163,0.000000,0.000000,0.000000,1.000000,0.000000,0.000000,0
1008,1.000000,308,76,1.000000,1.000000,1.000000,1.000000,0.849612,0.000000,0.000000,0.000000,1.000000,0.000000,0.000000,0
1012,1.000000,308,76,1.000000,1.000000,1.000000,1.000000,0.848062,0.000000,0.000000,0.000000,1.000000,0.000000,0.000000,0
1016,1.000000,308,76,1.000000,1.000000,1.000000,1.000000,0.846512,0.000000,0.000000,0.000000,1.000000,0.000000,0.000000,0
1020,1.000000,308,76,1.000000,1.000000,1.000000,1.000000,0.844961,0.000000,0.000000,0.000000,1.000000,0.000000,0.000000,0
1024,1.000000,308,76,1.000000,1.000000,1.000000,1.000000,0.843411,0.000000,0.000000,0.000000,1.000000,0.000000,0.000000,0
1028,1.000000,308,76,1.000000,1.000000,1.000000,1.000000,0.841860,0.000000,0.000000,0.000000,1.000000,0.000000,0.000000,0
1032,1.000000,308,76,1.000000,1.000000,1.000000,1.000000,0.840310,0.000000,0.000000,0.000000,1.000000,0.000000,0.000000,0
1036,1.000000,308,76,1.000000,1.000000,1.000000,1.000000,0.838760,0.000000,0.000000,0.000000,1.000000,0.000000,0.000000,0
1040,1.000000,308,76,1.000000,1.000000,1.000000,1.000000,0.837209,0.000000,0.000000,0.000000,1.000000,0.000000,0.000000,0
1044,1.000000,308,76,1.000000,1.000000,1.000000,1.000000,0.835659,0.000000,0.000000,0.000000,1.000000,0.000000,0.000000,0
1048,1.000000,308,76,1.000000,1.000000,1.000000,1.000000,0.834109,0.000000,0.000000,0.000000,1.000000,0.000000,0.000000,0
1052,1.000000,308,76,1.000000,1.000000,1.000000,1.000000,0.832558,0.000000,0.000000,0.000000,1.000000,0.000000,0.000000,0
1056,1.000000,308,76,1.000000,1.000000,1.000000,1.000000,0.831008,0.000000,0.000000,0.000000,1.000000,0.000000,0.000000,0
1060,1.000000,308,76,1.000000,1.000000,1.000000,1.000000,0.829457,0.000000,0.000000,0.000000,1.000000,0.000000,0.000000,0
1064,1.000000,308,76,1.000000,1.000000,1.000000,1.000000,0.827907,0.000000,0.000000,0.000000,1.000000,0.000000,0.000000,0
1068,1.000000,308,76,1.000000,1.000000,1.000000,1.000000,0.826357,0.000000,0.000000,0.000000,1.000000,0.000000,0.000000,0
1072,1.000000,308,76,1.000000,1.000000,1.000000,1.000000,0.824806,0.000000,0.000000,0.000000,1.000000,0.000000,0.000000,0
1076,1.000000,308,76,1.000000,1.000000,1.000000,1.000000,0.823256,0.000000,0.000000,0.000000,1.000000,0.000000,0.000000,0
1080,1.000000,308,76,1.000000,1.000000,1.000000,1.000000,0.821705,0.000000,0.000000,0.000000,1.000000,0.000000,0.000000,0
1084,1.000000,308,76,1.000000,1.000000,1.000000,1.000000,0.820155,0.000000,0.000000,0.000000,1.000000,0.000000,0.000000,0
1088,1.000000,308,76,1.000000,1.000000,1.000000,1.000000,0.818605,0.000000,0.000000,0.000000,1.000000,0.000000,0.000000,0
1092,1.000000,308,76,1.000000,1.000000,1.000000,1.000000,0.817054,0.000000,0.000000,0.000000,1.000000,0.000000,0.000000,0
1096,1.000000,308,76,1.000000,1.000000,1.000000,1.000000,0.815504,0.000000,0.000000,0.000000,1.000000,0.000000,0.000000,0
1100,1.000000,308,76,1.000000,1.000000,1.000000,1.000000,0.813953,0.000000,0.000000,0.000000,1.000000,0.000000,0.000000,0
1104,1.000000,308,76,1.000000,1.000000,1.000000,1.000000,0.812403,0.000000,0.000000,0.000000,1.000000,0.000000,0.000000,0
1108,1.000000,308,76,1.000000,1.000000,1.000000,1.000000,0.810853,0.000000,0.000000,0.000000,1.000000,0.000000,0.000000,0
1112,1.000000,308,76,1.000000,1.000000,1.000000,1.000000,0.809302,0.000000,0.000000,0.000000,1.000000,0.000000,0.000000,0
1116,1.000000,308,76,1.000000,1.000000,1.000000,1.000000,0.807752,0.000000,0.000000,0.000000,1.000000,0.000000,0.000000,0
1120,1.000000,308,76,1.000000,1.000000,1.000000,1.000000,0.806202,0.000000,0.000000,0.000000,1.000000,0.000000,0.000000,0
1124,1.000000,308,76,1.000000,1.000000,1.000000,1.000000,0.804651,0.000000,0.000000,0.000000,1.000000,0.000000,0.000000,0
1128,1.000000,308,76,1.000000,1.000000,1.000000,1.000000,0.803101,0.000000,0.000000,0.000000,1.000000,0.000000,0.000000,0
1132,1.000000,308,76,1.000000,1.000000,1.000000,1.000000,0.801550,0.000000,0.000000,0.000000,1.000000,0.000000,0.000000,0
1136,1.000000,308,76,1.000000,1.000000,1.000000,1.000000,0.800000,0.000000,0.000000,0.000000,1.000000,0.000000,0.000000,0
1140,1.000000,308,76,1.000000,1.000000,1.000000,1.000000,0.798450,0.000000,0.000000,0.000000,1.000000,0.000000,0.000000,0
1144,1.000000,308,76,1.000000,1.000000,1.000000,1.000000,0.796899,0.000000,0.000000,0.000000,1.000000,0.000000,0.000000,0
1148,1.000000,308,76,1.000000,1.000000,1.000000,1.000000,0.795349,0.000000,0.000000,0.000000,1.000000,0.000000,0.000000,0
1152,1.000000,308,76,1.000000,1.000000,1.000000,1.000000,0.793798,0.000000,0.000000,0.000000,1.000000,0.000000,0.000000,0
1156,1.000000,308,76,1.000000,1.000000,1.000000,1.000000,0.792248,0.000000,0.000000,0.000000,1.000000,0.000000,0.000000,0
1160,1.000000,308,76,1.000000,1.000000,1.000000,1.000000,0.790698,0.000000,0.000000,0.000000,1.000000,0.000000,0.000000,0
1164,1.000000,308,76,1.000000,1.000000,1.000000,1.000000,0.789147,0.000000,0.000000,0.000000,1.000000,0.000000,0.000000,0
1168,1.000000,308,76,1.000000,1.000000,1.000000,1.000000,0.787597,0.000000,0.000000,0.000000,1.000000,0.000000,0.000000,0
1172,1.000000,308,76,1.000000,1.000000,1.000000,1.000000,0.786047,0.000000,0.000000,0.000000,1.000000,0.000000,0.000000,0
1176,1.000000,308,76,1.000000,1.000000,1.000000,1.000000,0.784496,0.000000,0.000000,0.000000,1.000000,0.000000,0.000000,0
1180,1.000000,308,76,1.000000,1.000000,1.000000,1.000000,0.782946,0.000000,0.000000,0.000000,1.000000,0.000000,0.000000,0
1184,1.000000,308,76,1.000000,1.000000,1.000000,1.000000,0.781395,0.000000,0.000000,0.000000,1.000000,0.000000,0.000000,0
1188,1.000000,308,76,1.000000,1.000000,1.000000,1.000000,0.779845,0.000000,0.000000,0.000000,1.000000,0.000000,0.000000,0
1192,1.000000,308,76,1.000000,1.000000,1.000000,1.000000,0.778295,0.000000,0.000000,0.000000,1.000000,0.000000,0.000000,0
1196,1.000000,308,76,1.000000,1.000000,1.000000,1.000000,0.776744,0.000000,0.000000,0.000000,1.000000,0.000000,0.000000,0
1200,1.000000,308,76,1.000000,1.000000,1.000000,1.000000,0.775194,0.000000,0.000000,0.000000,1.000000,0.000000,0.000000,0
1204,1.000000,308,76,1.000000,1.000000,1.000000,1.000000,0.773643,0.000000,0.000000,0.000000,1.000000,0.000000,0.000000,0
1208,1.000000,308,76,1.000000,1.000000,1.000000,1.000000,0.772093,0.000000,0.000000,0.000000,1.000000,0.000000,0.000000,0
1212,1.000000,308,76,1.000000,1.000000,1.000000,1.000000,0.770543,0.000000,0.000000,0.000000,1.000000,0.000000,0.000000,0
1216,1.000000,308,76,1.000000,1.000000,1.000000,1.000000,0.768992,0.000000,0.000000,0.000000,1.000000,0.000000,0.000000,0
1220,1.000000,308,76,1.000000,1.000000,1.000000,1.000000,0.767442,0.000000,0.000000,0.000000,1.000000,0.000000,0.000000,0
1224,1.000000,308,76,1.000000,1.000000,1.000000,1.000000,0.765891,0.000000,0.000000,0.000000,1.000000,0.000000,0.000000,0
1228,1.000000,308,76,1.000000,1.000000,1.000000,1.000000,0.764341,0.000000,0.000000,0.000000,1.000000,0.000000,0.000000,0
1232,1.000000,308,76,1.000000,1.000000,1.000000,1.000000,0.762791,0.000000,0.000000,0.000000,1.000000,0.000000,0.000000,0
1236,1.000000,308,76,1.000000,1.000000,1.000000,1.000000,0.761240,0.000000,0.000000,0.000000,1.000000,0.000000,0.000000,0
1240,1.000000,308,76,1.000000,1.000000,1.000000,1.000000,0.759690,0.000000,0.000000,0.000000,1.000000,0.000000,0.000000,0
1244,1.000000,308,76,1.000000,1.000000,1.000000,1.000000,0.758140,0.000000,0.000000,0.000000,1.000000,0.000000,0.000000,0
1248,1.000000,308,76,1.000000,1.000000,1.000000,1.000000,0.756589,0.000000,0.000000,0.000000,1.000000,0.000000,0.000000,0
1252,1.000000,308,76,1.000000,1.000000,1.000000,1.000000,0.755039,0.000000,0.000000,0.000000,1.000000,0.000000,0.000000,0
1256,1.000000,308,76,1.000000,1.000000,1.000000,1.000000,0.753488,0.000000,0.000000,0.000000,1.000000,0.000000,0.000000,0
1260,1.000000,308,76,1.000000,1.000000,1.000000,1.000000,0.751938,0.000000,0.000000,0.000000,1.000000,0.000000,0.000000,0
1264,1.000000,308,76,1.000000,1.000000,1.000000,1.000000,0.750388,0.000000,0.000000,0.000000,1.000000,0.000000,0.000000,0
1268,1.000000,308,76,1.000000,1.000000,1.000000,1.000000,0.748837,0.000000,0.000000,0.000000,1.000000,0.000000,0.000000,0
1272,1.000000,308,76,1.000000,1.000000,1.000000,1.000000,0.747287,0.000000,0.000000,0.000000,1.000000,0.000000,0.000000,0
1276,1.000000,308,76,1.000000,1.000000,1.000000,1.000000,0.745736,0.000000,0.000000,0.000000,1.000000,0.000000,0.000000,0
1280,1.000000,308,76,1.000000,1.000000,1.000000,1.000000,0.744186,0.000000,0.000000,0.000000,1.000000,0.000000,0.000000,0
1284,1.000000,308,76,1.000000,1.000000,1.000000,1.000000,0.742636,0.000000,0.000000,0.000000,1.000000,0.000000,0.000000,0
1288,1.000000,308,76,1.000000,1.000000,1.000000,1.000000,0.741085,0.000000,0.000000,0.000000,1.000000,0.000000,0.000000,0
1292,1.000000,308,76,1.000000,1.000000,1.000000,1.000000,0.739535,0.000000,0.000000,0.000000,1.000000,0.000000,0.000000,0
1296,1.000000,308,76,1.000000,1.000000,1.000000,1.000000,0.737984,0.000000,0.000000,0.000000,1.000000,0.000000,0.000000,0
1300,1.000000,308,76,1.000000,1.000000,1.000000,1.000000,0.736434,0.000000,0.000000,0.000000,1.000000,0.000000,0.000000,0
1304,1.000000,308,76,1.000000,1.000000,1.000000,1.000000,0.734884,0.000000,0.000000,0.000000,1.000000,0.000000,0.000000,0
1308,1.000000,308,76,1.000000,1.000000,1.000000,1.000000,0.733333,0.000000,0.000000,0.000000,1.000000,0.000000,0.000000,0
1312,1.000000,308,76,1.000000,1.000000,1.000000,1.000000,0.731783,0.000000,0.000000,0.000000,1.000000,0.000000,0.000000,0
1316,1.000000,308,76,1.000000,1.000000,1.000000,1.000000,0.730233,0.000000,0.000000,0.000000,1.000000,0.000000,0.000000,0
1320,1.000000,308,76,1.000000,1.000000,1.000000,1.000000,0.728682,0.000000,0.000000,0.000000,1.000000,0.000000,0.000000,0
1324,1.000000,308,76,1.000000,1.000000,1.000000,1.000000,0.727132,0.000000,0.000000,0.000000,1.000000,0.000000,0.000000,0
1328,1.000000,308,76,1.000000,1.000000,1.000000,1.000000,0.725581,0.000000,0.000000,0.000000,1.000000,0.000000,0.000000,0
1332,1.000000,308,76,1.000000,1.000000,1.000000,1.000000,0.724031,0.000000,0.000000,0.000000,1.000000,0.000000,0.000000,0
1336,1.000000,308,76,1.000000,1.000000,1.000000,1.000000,0.722481,0.000000,0.000000,0.000000,1.000000,0.000000,0.000000,0
1340,1.000000,308,76,1.000000,1.000000,1.000000,1.000000,0.720930,0.000000,0.000000,0.000000,1.000000,0.000000,0.000000,0
1344,1.000000,308,76,1.000000,1.000000,1.000000,1.000000,0.719380,0.000000,0.000000,0.000000,1.000000,0.000000,0.000000,0
1348,1.000000,308,76,1.000000,1.000000,1.000000,1.000000,0.717829,0.000000,0.000000,0.000000,1.000000,0.000000,0.000000,0
1352,1.000000,308,76,1.000000,1.000000,1.000000,1.000000,0.716279,0.000000,0.000000,0.000000,1.000000,0.000000,0.000000,0
1356,1.000000,308,76,1.000000,1.000000,1.000000,1.000000,0.714729,0.000000,0.000000,0.000000,1.000000,0.000000,0.000000,0
1360,1.000000,308,76,1.000000,1.000000,1.000000,1.000000,0.713178,0.000000,0.000000,0.000000,1.000000,0.000000,0.000000,0
1364,1.000000,308,76,1.000000,1.000000,1.000000,1.000000,0.711628,0.000000,0.000000,0.000000,1.000000,0.000000,0.000000,0
1368,1.000000,308,76,1.000000,1.000000,1.000000,1.000000,0.710078,0.000000,0.000000,0.000000,1.000000,0.000000,0.000000,0
1372,1.000000,308,76,1.000000,1.000000,1.000000,1.000000,0.708527,0.000000,0.000000,0.000000,1.000000,0.000000,0.000000,0
1376,1.000000,308,76,1.000000,1.000000,1.000000,1.000000,0.706977,0.000000,0.000000,0.000000,1.000000,0.000000,0.000000,0
1380,1.000000,308,76,1.000000,1.000000,1.000000,1.000000,0.705426,0.000000,0.000000,0.000000,1.000000,0.000000,0.000000,0
1384,1.000000,308,76,1.000000,1.000000,1.000000,1.000000,0.703876,0.000000,0.000000,0.000000,1.000000,0.000000,0.000000,0
1388,1.000000,308,76,1.000000,1.000000,1.000000,1.000000,0.702326,0.000000,0.000000,0.000000,1.000000,0.000000,0.000000,0
1392,1.000000,308,76,1.000000,1.000000,1.000000,1.000000,0.700775,0.000000,0.000000,0.000000,1.000000,0.000000,0.000000,0
1396,1.000000,308,76,1.000000,1.000000,1.000000,1.000000,0.699225,0.000000,0.000000,0.000000,1.000000,0.000000,0.000000,0
1400,1.000000,308,76,1.000000,1.000000,1.000000,1.000000,0.697674,0.000000,0.000000,0.000000,1.000000,0.000000,0.000000,0
1404,1.000000,308,76,1.000000,1.000000,1.000000,1.000000,0.696124,0.000000,0.000000,0.000000,1.000000,0.000000,0.000000,0
1408,1.000000,308,76,1.000000,1.000000,1.000000,1.000000,0.694574,0.000000,0.000000,0.000000,1.000000,0.000000,0.000000,0
1412,1.000000,308,76,1.000000,1.000000,1.000000,1.000000,0.693023,0.000000,0.000000,0.000000,1.000000,0.000000,0.000000,0
1416,1.000000,308,76,1.000000,1.000000,1.000000,1.000000,0.691473,0.000000,0.000000,0.000000,1.000000,0.000000,0.000000,0
1420,1.000000,308,76,1.000000,1.000000,1.000000,1.000000,0.689922,0.000000,0.000000,0.000000,1.000000,0.000000,0.000000,0
1424,1.000000,308,76,1.000000,1.000000,1.000000,1.000000,0.688372,0.000000,0.000000,0.000000,1.000000,0.000000,0.000000,0
1428,1.000000,308,76,1.000000,1.000000,1.000000,1.000000,0.686822,0.000000,0.000000,0.000000,1.000000,0.000000,0.000000,0
1432,1.000000,308,76,1.000000,1.000000,1.000000,1.000000,0.685271,0.000000,0.000000,0.000000,1.000000,0.000000,0.000000,0
1436,1.000000,308,76,1.000000,1.000000,1.000000,1.000000,0.683721,0.000000,0.000000,0.000000,1.000000,0.000000,0.000000,0
1440,1.000000,308,76,1.000000,1.000000,1.000000,1.000000,0.682171,0.000000,0.000000,0.000000,1.000000,0.000000,0.000000,0
1444,1.000000,308,76,1.000000,1.000000,1.000000,1.000000,0.680620,0.000000,0.000000,0.000000,1.000000,0.000000,0.000000,0
1448,1.000000,308,76,1.000000,1.000000,1.000000,1.000000,0.679070,0.000000,0.000000,0.000000,1.000000,0.000000,0.000000,0
1452,1.000000,308,76,1.000000,1.000000,1.000000,1.000000,0.677519,0.000000,0.000000,0.000000,1.000000,0.000000,0.000000,0
1456,1.000000,308,76,1.000000,1.000000,1.000000,1.000000,0.675969,0.000000,0.000000,0.000000,1.000000,0.000000,0.000000,0
1460,1.000000,308,76,1.000000,1.000000,1.000000,1.000000,0.674419,0.000000,0.000000,0.000000,1.000000,0.000000,0.000000,0
1464,1.000000,308,76,1.000000,1.000000,1.000000,1.000000,0.672868,0.000000,0.000000,0.000000,1.000000,0.000000,0.000000,0
1468,1.000000,308,76,1.000000,1.000000,1.000000,1.000000,0.671318,0.000000,0.000000,0.000000,1.000000,0.000000,0.000000,0
1472,1.000000,308,76,1.000000,1.000000,1.000000,1.000000,0.669767,0.000000,0.000000,0.000000,1.000000,0.000000,0.000000,0
1476,1.000000,308,76,1.000000,1.000000,1.000000,1.000000,0.668217,0.000000,0.000000,0.000000,1.000000,0.000000,0.000000,0
1480,1.000000,308,76,1.000000,1.000000,1.000000,1.000000,0.666667,0.000000,0.000000,0.000000,1.000000,0.000000,0.000000,0
1484,1.000000,308,76,1.000000,1.000000,1.000000,1.000000,0.665116,0.000000,0.000000,0.000000,1.000000,0.000000,0.000000,0
1488,1.000000,308,76,1.000000,1.000000,1.000000,1.000000,0.663566,0.000000,0.000000,0.000000,1.000000,0.000000,0.000000,0
1492,1.000000,308,76,1.000000,1.000000,1.000000,1.000000,0.662016,0.000000,0.000000,0.000000,1.000000,0.000000,0.000000,0
1496,1.000000,308,76,1.000000,1.000000,1.000000,1.000000,0.660465,0.000000,0.000000,0.000000,1.000000,0.000000,0.000000,0
1500,1.000000,308,76,1.000000,1.000000,1.000000,1.000000,0.658915,0.000000,0.000000,0.000000,1.000000,0.000000,0.000000,60
1504,1.000000,308,76,1.000000,1.000000,1.000000,1.000000,0.657364,0.000000,-0.207620,-0.007118,1.004152,0.000000,0.114191,60
1508,1.000000,308,76,1.000000,1.000000,1.000000,1.000000,0.655814,0.000000,-0.406412,-0.013934,1.008128,0.000000,0.223527,61
1512,1.000000,308,76,1.000000,1.000000,1.000000,1.000000,0.654264,0.000000,-0.596630,-0.020456,1.011933,0.000000,0.328146,61
1516,1.000000,308,76,1.000000,1.000000,1.000000,1.000000,0.652713,0.000000,-0.778520,-0.026692,1.015570,0.000000,0.428186,62
1520,1.000000,308,76,1.000000,1.000000,1.000000,1.000000,0.651163,0.000000,-0.952323,-0.032651,1.019046,0.000000,0.523778,62
1524,1.000000,308,76,1.000000,1.000000,1.000000,1.000000,0.649612,0.000000,-1.118273,-0.038341,1.022365,0.000000,0.615050,63
1528,1.000000,308,76,1.000000,1.000000,1.000000,1.000000,0.648062,0.000000,-1.276597,-0.043769,1.025532,0.000000,0.702128,63
1532,1.000000,308,76,1.000000,1.000000,1.000000,1.000000,0.646512,0.000000,-1.427516,-0.048943,1.028550,0.000000,0.785134,64
1536,1.000000,308,76,1.000000,1.000000,1.000000,1.000000,0.644961,0.000000,-1.571247,-0.053871,1.031425,0.000000,0.864186,64
1540,1.000000,308,76,1.000000,1.000000,1.000000,1.000000,0.643411,0.000000,-1.708000,-0.058560,1.034160,0.000000,0.939400,65
1544,1.000000,308,76,1.000000,1.000000,1.000000,1.000000,0.641860,0.000000,-1.837981,-0.063017,1.036760,0.000000,1.010890,65
1548,1.000000,308,76,1.000000,1.000000,1.000000,1.000000,0.640310,0.000000,-1.961393,-0.067248,1.039228,0.000000,0.992662,66
1552,1.000000,308,76,1.000000,1.000000,1.000000,1.000000,0.638760,0.000000,-2.078431,-0.071260,1.041569,0.000000,0.946497,66
1556,1.000000,308,76,1.000000,1.000000,1.000000,1.000000,0.637209,0.000000,-2.189289,-0.075061,1.043786,0.000000,0.901683,67
1560,1.000000,308,76,1.000000,1.000000,1.000000,1.000000,0.635659,0.000000,-2.294157,-0.078657,1.045883,0.000000,0.858188,67
1564,1.000000,308,76,1.000000,1.000000,1.000000,1.000000,0.634109,0.000000,-2.393219,-0.082053,1.047864,0.000000,0.815981,68
1568,1.000000,308,76,1.000000,1.000000,1.000000,1.000000,0.632558,0.000000,-2.486658,-0.085257,1.049733,0.000000,0.775032,68
1572,1.000000,308,76,1.000000,1.000000,1.000000,1.000000,0.631008,0.000000,-2.574654,-0.088274,1.051493,0.000000,0.735314,69
1576,1.000000,308,76,1.000000,1.000000,1.000000,1.000000,0.629457,0.000000,-2.657383,-0.091110,1.053148,0.000000,0.696803,69
1580,1.000000,308,76,1.000000,1.000000,1.000000,1.000000,0.627907,0.000000,-2.735018,-0.093772,1.054700,0.000000,0.659473,70
1584,1.000000,308,76,1.000000,1.000000,1.000000,1.000000,0.626357,0.000000,-2.807731,-0.096265,1.056155,0.000000,0.623302,70
1588,1.000000,308,76,1.000000,1.000000,1.000000,1.000000,0.624806,0.000000,-2.875690,-0.098595,1.057514,0.000000,0.588269,71
1592,1.000000,308,76,1.000000,1.000000,1.000000,1.000000,0.623256,0.000000,-2.939062,-0.100768,1.058781,0.000000,0.554355,71
1596,1.000000,308,76,1.000000,1.000000,1.000000,1.000000,0.621705,0.000000,-2.998014,-0.102789,1.059960,0.000000,0.521540,72
1600,1.000000,308,76,1.000000,1.000000,1.000000,1.000000,0.620155,0.000000,-3.052706,-0.104664,1.061054,0.000000,0.489809,72
1604,1.000000,308,76,1.000000,1.000000,1.000000,1.000000,0.618605,0.000000,-3.103302,-0.106399,1.062066,0.000000,0.459146,73
1608,1.000000,308,76,1.000000,1.000000,1.000000,1.000000,0.617054,0.000000,-3.149961,-0.107999,1.062999,0.000000,0.429535,73
1612,1.000000,308,76,1.000000,1.000000,1.000000,1.000000,0.615504,0.000000,-3.192842,-0.109469,1.063857,0.000000,0.400965,74
1616,1.000000,308,76,1.000000,1.000000,1.000000,1.000000,0.613953,0.000000,-3.232105,-0.110815,1.064642,0.000000,0.373422,74
1620,1.000000,308,76,1.000000,1.000000,1.000000,1.000000,0.612403,0.000000,-3.267906,-0.112042,1.065358,0.000000,0.346896,75
1624,1.000000,308,76,1.000000,1.000000,1.000000,1.000000,0.610853,0.000000,-3.300401,-0.113157,1.066008,0.000000,0.321378,75
1628,1.000000,308,76,1.000000,1.000000,1.000000,1.000000,0.609302,0.000000,-3.329748,-0.114163,1.066595,0.000000,0.296859,76
1632,1.000000,308,76,1.000000,1.000000,1.000000,1.000000,0.607752,0.000000,-3.356102,-0.115066,1.067122,0.000000,0.273331,76
1636,1.000000,308,76,1.000000,1.000000,1.000000,1.000000,0.606202,0.000000,-3.379619,-0.115873,1.067592,0.000000,0.250788,77
1640,1.000000,308,76,1.000000,1.000000,1.000000,1.000000,0.604651,0.000000,-3.400455,-0.116587,1.068009,0.000000,0.229226,77
1644,1.000000,308,76,1.000000,1.000000,1.000000,1.000000,0.603101,0.000000,-3.418767,-0.117215,1.068375,0.000000,0.208639,78
1648,1.000000,308,76,1.000000,1.000000,1.000000,1.000000,0.601550,0.000000,-3.434711,-0.117762,1.068694,0.000000,0.189025,78
1652,1.000000,308,76,1.000000,1.000000,1.000000,1.000000,0.600000,0.000000,-3.448444,-0.118232,1.068969,0.000000,0.170383,79
1656,1.000000,308,76,1.000000,1.000000,1.000000,1.000000,0.598450,0.000000,-3.460126,-0.118633,1.069203,0.000000,0.152712,79
1660,1.000000,308,76,1.000000,1.000000,1.000000,1.000000,0.596899,0.000000,-3.469914,-0.118968,1.069398,0.000000,0.136012,80
1664,1.000000,308,76,1.000000,1.000000,1.000000,1.000000,0.595349,0.000000,-3.477971,-0.119245,1.069559,0.000000,0.120285,80
1668,1.000000,308,76,1.000000,1.000000,1.000000,1.000000,0.593798,0.000000,-3.484458,-0.119467,1.069689,0.000000,0.105534,81
1672,1.000000,308,76,1.000000,1.000000,1.000000,1.000000,0.592248,0.000000,-3.489540,-0.119641,1.069791,0.000000,0.091763,81
1676,1.000000,308,76,1.000000,1.000000,1.000000,1.000000,0.590698,0.000000,-3.493381,-0.119773,1.069868,0.000000,0.078977,82
1680,1.000000,308,76,1.000000,1.000000,1.000000,1.000000,0.589147,0.000000,-3.496150,-0.119868,1.069923,0.000000,0.067184,82
1684,1.000000,308,76,1.000000,1.000000,1.000000,1.000000,0.587597,0.000000,-3.498019,-0.119932,1.069960,0.000000,0.056391,83
1688,1.000000,308,76,1.000000,1.000000,1.000000,1.000000,0.586047,0.000000,-3.499160,-0.119971,1.069983,0.000000,0.046608,83
1692,1.000000,308,76,1.000000,1.000000,1.000000,1.000000,0.584496,0.000000,-3.499750,-0.119991,1.069995,0.000000,0.037846,84
1696,1.000000,308,76,1.000000,1.000000,1.000000,1.000000,0.582946,0.000000,-3.499969,-0.119999,1.069999,0.000000,0.030117,84
1700,1.000000,308,76,1.000000,1.000000,1.000000,1.000000,0.581395,0.000000,-3.500000,-0.120000,1.070000,0.000000,0.023436,85
1704,1.000000,308,76,1.000000,1.000000,1.000000,1.000000,0.579845,0.000000,-3.483408,-0.118938,1.069820,0.000948,0.008675,85
1708,1.000000,308,76,1.000000,1.000000,1.000000,1.000000,0.578295,0.000000,-3.430831,-0.115573,1.069249,0.003953,-0.024904,86
1712,1.000000,308,76,1.000000,1.000000,1.000000,1.000000,0.576744,0.000000,-3.337497,-0.109600,1.068236,0.009286,-0.080013,86
1716,1.000000,308,76,1.000000,1.000000,1.000000,1.000000,0.575194,0.000000,-3.197746,-0.100656,1.066718,0.017272,-0.159855,87
1720,1.000000,308,76,1.000000,1.000000,1.000000,1.000000,0.573643,0.000000,-3.004855,-0.088311,1.064624,0.028294,-0.268220,87
1724,1.000000,308,76,1.000000,1.000000,1.000000,1.000000,0.572093,0.000000,-2.750858,-0.072055,1.061866,0.042808,-0.409580,88
1728,1.000000,308,76,1.000000,1.000000,1.000000,1.000000,0.570543,0.000000,-2.426401,-0.051290,1.058344,0.061349,-0.589174,88
1732,1.000000,308,76,1.000000,1.000000,1.000000,1.000000,0.568992,0.000000,-2.020715,-0.025326,1.053939,0.084531,-0.813020,89
1736,1.000000,308,76,1.000000,1.000000,1.000000,1.000000,0.567442,0.000000,-1.521941,0.006596,1.048524,0.113032,-1.087737,89
1740,1.000000,308,76,1.000000,1.000000,1.000000,1.000000,0.565891,0.000000,-0.918121,0.045240,1.041968,0.147536,-1.420000,90
1744,1.000000,308,76,1.000000,1.000000,1.000000,1.000000,0.564341,0.000000,-0.199482,0.091233,1.034166,0.188601,-1.815285,90
1748,1.000000,308,76,1.000000,1.000000,1.000000,1.000000,0.562791,0.000000,0.637460,0.144797,1.025079,0.236426,-2.270521,91
1752,1.000000,308,76,1.000000,1.000000,1.000000,1.000000,0.561240,0.000000,1.584174,0.205387,1.014800,0.290524,-2.767474,91
1756,1.000000,308,76,1.000000,1.000000,1.000000,1.000000,0.559690,0.000000,2.615408,0.271386,1.003604,0.349452,-3.289194,92
1760,1.000000,308,76,1.000000,1.000000,1.000000,1.000000,0.558140,0.000000,3.690220,0.340174,0.991935,0.410870,-3.810182,92
1764,1.000000,308,76,1.000000,1.000000,1.000000,1.000000,0.556589,0.000000,4.761316,0.408724,0.980306,0.472075,-4.300883,93
1768,1.000000,308,76,1.000000,1.000000,1.000000,1.000000,0.555039,0.000000,5.787701,0.474413,0.969162,0.530726,-4.734551,93
1772,1.000000,308,76,1.000000,1.000000,1.000000,1.000000,0.553488,0.000000,6.742529,0.535522,0.958795,0.585287,-5.091468,94
1776,1.000000,308,76,1.000000,1.000000,1.000000,1.000000,0.551938,0.000000,7.613315,0.591252,0.949341,0.635047,-5.359037,94
1780,1.000000,308,76,1.000000,1.000000,1.000000,1.000000,0.550388,0.000000,8.397948,0.641469,0.940822,0.679883,-5.529687,95
1784,1.000000,308,76,1.000000,1.000000,1.000000,1.000000,0.548837,0.000000,9.100255,0.686416,0.933197,0.720015,-5.598880,95
1788,1.000000,308,76,1.000000,1.000000,1.000000,1.000000,0.547287,0.000000,9.726758,0.726513,0.926395,0.755815,-5.564356,96
1792,1.000000,308,76,1.000000,1.000000,1.000000,1.000000,0.545736,0.000000,10.284791,0.762227,0.920337,0.787702,-5.427098,96
1796,1.000000,308,76,1.000000,1.000000,1.000000,1.000000,0.544186,0.000000,10.781527,0.794018,0.914943,0.816087,-5.193786,97
1800,1.000000,308,76,1.000000,1.000000,1.000000,1.000000,0.542636,0.000000,11.223555,0.822308,0.910144,0.841346,-4.879516,97
1804,1.000000,308,76,1.000000,1.000000,1.000000,1.000000,0.541085,0.000000,11.616741,0.847471,0.905875,0.863814,-4.508189,98
1808,1.000000,308,76,1.000000,1.000000,1.000000,1.000000,0.539535,0.000000,11.966223,0.869838,0.902081,0.883784,-4.108436,98
1812,1.000000,308,76,1.000000,1.000000,1.000000,1.000000,0.537984,0.000000,12.276473,0.889694,0.898713,0.901513,-3.706694,99
1816,1.000000,308,76,1.000000,1.000000,1.000000,1.000000,0.536434,0.000000,12.551372,0.907288,0.895728,0.917221,-3.321970,99
1820,1.000000,308,76,1.000000,1.000000,1.000000,1.000000,0.534884,0.000000,12.794291,0.922835,0.893091,0.931102,-2.964800,100
1824,1.000000,308,76,1.000000,1.000000,1.000000,1.000000,0.533333,0.000000,13.008160,0.936522,0.890769,0.943323,-2.639141,100
1828,1.000000,308,76,1.000000,1.000000,1.000000,1.000000,0.531783,0.000000,13.195542,0.948515,0.888734,0.954031,-2.344913,101
1832,1.000000,308,76,1.000000,1.000000,1.000000,1.000000,0.530233,0.000000,13.358678,0.958955,0.886963,0.963353,-2.080011,101
1836,1.000000,308,76,1.000000,1.000000,1.000000,1.000000,0.528682,0.000000,13.499543,0.967971,0.885434,0.971402,-1.841533,102
1840,1.000000,308,76,1.000000,1.000000,1.000000,1.000000,0.527132,0.000000,13.619879,0.975672,0.884127,0.978279,-1.626439,102
1844,1.000000,308,76,1.000000,1.000000,1.000000,1.000000,0.525581,0.000000,13.721232,0.982159,0.883027,0.984070,-1.431864,103
1848,1.000000,308,76,1.000000,1.000000,1.000000,1.000000,0.524031,0.000000,13.804979,0.987519,0.882117,0.988856,-1.255237,103
1852,1.000000,308,76,1.000000,1.000000,1.000000,1.000000,0.522481,0.000000,13.872348,0.991830,0.881386,0.992706,-1.094310,104
1856,1.000000,308,76,1.000000,1.000000,1.000000,1.000000,0.520930,0.000000,13.924444,0.995164,0.880820,0.995683,-0.947142,104
1860,1.000000,308,76,1.000000,1.000000,1.000000,1.000000,0.519380,0.000000,13.962259,0.997585,0.880410,0.997843,-0.812069,105
1864,1.000000,308,76,1.000000,1.000000,1.000000,1.000000,0.517829,0.000000,13.986690,0.999148,0.880145,0.999239,-0.687664,105
1868,1.000000,308,76,1.000000,1.000000,1.000000,1.000000,0.516279,0.000000,13.998550,0.999907,0.880016,0.999917,-0.572704,106
1872,1.000000,308,76,1.000000,1.000000,1.000000,1.000000,0.514729,0.000000,14.000000,1.000000,0.886879,1.000000,-0.466921,106
1876,1.000000,308,76,1.000000,1.000000,1.000000,1.000000,0.513178,0.000000,14.000000,1.000000,0.899965,1.000000,-0.373970,107
1880,1.000000,308,76,1.000000,1.000000,1.000000,1.000000,0.511628,0.000000,14.000000,1.000000,0.912189,1.000000,-0.293526,107
1884,1.000000,308,76,1.000000,1.000000,1.000000,1.000000,0.510078,0.000000,14.000000,1.000000,0.923589,1.000000,-0.224602,108
1888,1.000000,308,76,1.000000,1.000000,1.000000,1.000000,0.508527,0.000000,14.000000,1.000000,0.934201,1.000000,-0.166322,108
1892,1.000000,308,76,1.000000,1.000000,1.000000,1.000000,0.506977,0.000000,14.000000,1.000000,0.944060,1.000000,-0.117907,109
1896,1.000000,308,76,1.000000,1.000000,1.000000,1.000000,0.505426,0.000000,14.000000,1.000000,0.953200,1.000000,-0.078662,109
1900,1.000000,308,76,1.000000,1.000000,1.000000,1.000000,0.503876,0.000000,14.000000,1.000000,0.961653,1.000000,-0.047962,110
1904,1.000000,308,76,1.000000,1.000000,1.000000,1.000000,0.502326,0.000000,14.000000,1.000000,0.969450,1.000000,-0.025249,110
1908,1.000000,308,76,1.000000,1.000000,1.000000,1.000000,0.500775,0.000000,14.000000,1.000000,0.976622,1.000000,-0.010015,111
1912,1.000000,308,76,1.000000,1.000000,1.000000,1.000000,0.499225,0.000000,14.000000,1.000000,0.983198,1.000000,-0.001803,111
1916,1.000000,308,76,1.000000,1.000000,1.000000,1.000000,0.497674,0.000000,14.000000,1.000000,0.989206,1.000000,0.000000,112
1920,1.000000,308,76,1.000000,1.000000,1.000000,1.000000,0.496124,0.000000,14.000000,1.000000,0.994675,1.000000,0.000000,112
1924,1.000000,308,76,1.000000,1.000000,1.000000,1.000000,0.494574,0.000000,14.000000,1.000000,0.999631,1.000000,0.000000,113
1928,1.000000,308,76,1.000000,1.000000,1.000000,1.000000,0.493023,0.000000,14.000000,1.000000,1.004100,1.000000,0.000000,113
1932,1.000000,308,76,1.000000,1.000000,1.000000,1.000000,0.491473,0.000000,14.000000,1.000000,1.008110,1.000000,0.000000,114
1936,1.000000,308,76,1.000000,1.000000,1.000000,1.000000,0.489922,0.000000,14.000000,1.000000,1.011685,1.000000,0.000000,114
1940,1.000000,308,76,1.000000,1.000000,1.000000,1.000000,0.488372,0.000000,14.000000,1.000000,1.014850,1.000000,0.000000,115
1944,1.000000,308,76,1.000000,1.000000,1.000000,1.000000,0.486822,0.000000,14.000000,1.000000,1.017632,1.000000,0.000000,115
1948,1.000000,308,76,1.000000,1.000000,1.000000,1.000000,0.485271,0.000000,14.000000,1.000000,1.020053,1.000000,0.000000,116
1952,1.000000,308,76,1.000000,1.000000,1.000000,1.000000,0.483721,0.000000,14.000000,1.000000,1.022139,1.000000,0.000000,116
1956,1.000000,308,76,1.000000,1.000000,1.000000,1.000000,0.482171,0.000000,14.000000,1.000000,1.023915,1.000000,0.000000,117
1960,1.000000,308,76,1.000000,1.000000,1.000000,1.000000,0.480620,0.000000,14.000000,1.000000,1.025404,1.000000,0.000000,117
1964,1.000000,308,76,1.000000,1.000000,1.000000,1.000000,0.479070,0.000000,14.000000,1.000000,1.026630,1.000000,0.000000,118
1968,1.000000,308,76,1.000000,1.000000,1.000000,1.000000,0.477519,0.000000,14.000000,1.000000,1.027619,1.000000,0.000000,118
1972,1.000000,308,76,1.000000,1.000000,1.000000,1.000000,0.475969,0.000000,14.000000,1.000000,1.028395,1.000000,0.000000,119
1976,1.000000,308,76,1.000000,1.000000,1.000000,1.000000,0.474419,0.000000,14.000000,1.000000,1.028982,1.000000,0.000000,119
1980,1.000000,308,76,1.000000,1.000000,1.000000,1.000000,0.472868,0.000000,14.000000,1.000000,1.029407,1.000000,0.000000,120
1984,1.000000,308,76,1.000000,1.000000,1.000000,1.000000,0.471318,0.000000,14.000000,1.000000,1.029694,1.000000,0.000000,120
1988,1.000000,308,76,1.000000,1.000000,1.000000,1.000000,0.469767,0.000000,14.000000,1.000000,1.029870,1.000000,0.000000,121
1992,1.000000,308,76,1.000000,1.000000,1.000000,1.000000,0.468217,0.000000,14.000000,1.000000,1.029961,1.000000,0.000000,121
1996,1.000000,308,76,1.000000,1.000000,1.000000,1.000000,0.466667,0.000000,14.000000,1.000000,1.029995,1.000000,0.000000,122
2000,1.000000,308,76,1.000000,1.000000,1.000000,1.000000,0.465116,0.000000,14.000000,1.000000,1.030000,1.000000,0.000000,122
2004,1.000000,308,76,1.000000,1.000000,1.000000,1.000000,0.463566,0.000000,14.000000,1.000000,1.026516,1.000000,0.000000,123
2008,1.000000,308,76,1.000000,1.000000,1.000000,1.000000,0.462016,0.000000,14.000000,1.000000,1.023327,1.000000,0.000000,123
2012,1.000000,308,76,1.000000,1.000000,1.000000,1.000000,0.460465,0.000000,14.000000,1.000000,1.020415,1.000000,0.000000,124
2016,1.000000,308,76,1.000000,1.000000,1.000000,1.000000,0.458915,0.000000,14.000000,1.000000,1.017764,1.000000,0.000000,124
2020,1.000000,308,76,1.000000,1.000000,1.000000,1.000000,0.457364,0.000000,14.000000,1.000000,1.015360,1.000000,0.000000,125
2024,1.000000,308,76,1.000000,1.000000,1.000000,1.000000,0.455814,0.000000,14.000000,1.000000,1.013188,1.000000,0.000000,125
2028,1.000000,308,76,1.000000,1.000000,1.000000,1.000000,0.454264,0.000000,14.000000,1.000000,1.011235,1.000000,0.000000,126
2032,1.000000,308,76,1.000000,1.000000,1.000000,1.000000,0.452713,0.000000,14.000000,1.000000,1.009487,1.000000,0.000000,126
2036,1.000000,308,76,1.000000,1.000000,1.000000,1.000000,0.451163,0.000000,14.000000,1.000000,1.007932,1.000000,0.000000,127
2040,1.000000,308,76,1.000000,1.000000,1.000000,1.000000,0.449612,0.000000,14.000000,1.000000,1.006557,1.000000,0.000000,127
2044,1.000000,308,76,1.000000,1.000000,1.000000,1.000000,0.448062,0.000000,14.000000,1.000000,1.005351,1.000000,0.000000,128
2048,1.000000,308,76,1.000000,1.000000,1.000000,1.000000,0.446512,0.000000,14.000000,1.000000,1.004303,1.000000,0.000000,128
2052,1.000000,308,76,1.000000,1.000000,1.000000,1.000000,0.444961,0.000000,14.000000,1.000000,1.003400,1.000000,0.000000,129
2056,1.000000,308,76,1.000000,1.000000,1.000000,1.000000,0.443411,0.000000,14.000000,1.000000,1.002633,1.000000,0.000000,129
2060,1.000000,308,76,1.000000,1.000000,1.000000,1.000000,0.441860,0.000000,14.000000,1.000000,1.001989,1.000000,0.000000,130
2064,1.000000,308,76,1.000000,1.000000,1.000000,1.000000,0.440310,0.000000,14.000000,1.000000,1.001459,1.000000,0.000000,130
2068,1.000000,308,76,1.000000,1.000000,1.000000,1.000000,0.438760,0.000000,14.000000,1.000000,1.001032,1.000000,0.000000,131
2072,1.000000,308,76,1.000000,1.000000,1.000000,1.000000,0.437209,0.000000,14.000000,1.000000,1.000696,1.000000,0.000000,131
2076,1.000000,308,76,1.000000,1.000000,1.000000,1.000000,0.435659,0.000000,14.000000,1.000000,1.000442,1.000000,0.000000,132
2080,1.000000,308,76,1.000000,1.000000,1.000000,1.000000,0.434109,0.000000,14.000000,1.000000,1.000258,1.000000,0.000000,132
2084,1.000000,308,76,1.000000,1.000000,1.000000,1.000000,0.432558,0.000000,14.000000,1.000000,1.000133,0.926247,0.000000,133
2088,1.000000,308,76,1.000000,1.000000,1.000000,1.000000,0.431008,0.000000,14.000000,1.000000,1.000057,0.856407,0.000000,133
2092,1.000000,308,76,1.000000,1.000000,1.000000,1.000000,0.429457,0.000000,14.000000,1.000000,1.000017,0.790339,0.000000,134
2096,1.000000,308,76,1.000000,1.000000,1.000000,1.000000,0.427907,0.000000,14.000000,1.000000,1.000002,0.727908,0.000000,134
2100,1.000000,308,76,1.000000,1.000000,1.000000,1.000000,0.426357,0.000000,14.000000,1.000000,1.000000,0.668983,0.000000,135
2104,1.000000,308,76,1.000000,1.000000,1.000000,1.000000,0.424806,0.000000,14.000000,1.000000,1.000000,0.613438,0.000000,135
2108,1.000000,308,76,1.000000,1.000000,1.000000,1.000000,0.423256,0.000000,14.000000,1.000000,1.000000,0.561150,0.000000,136
2112,1.000000,308,76,1.000000,1.000000,1.000000,1.000000,0.421705,0.000000,14.000000,1.000000,1.000000,0.512000,0.000000,136
2116,1.000000,308,76,1.000000,1.000000,1.000000,1.000000,0.420155,0.000000,14.000000,1.000000,1.000000,0.465874,0.000000,137
2120,1.000000,308,76,1.000000,1.000000,1.000000,1.000000,0.418605,0.000000,14.000000,1.000000,1.000000,0.422658,0.000000,137
2124,1.000000,308,76,1.000000,1.000000,1.000000,1.000000,0.417054,0.000000,14.000000,1.000000,1.000000,0.382245,0.000000,138
2128,1.000000,308,76,1.000000,1.000000,1.000000,1.000000,0.415504,0.000000,14.000000,1.000000,1.000000,0.344527,0.000000,138
2132,1.000000,308,76,1.000000,1.000000,1.000000,1.000000,0.413953,0.000000,14.000000,1.000000,1.000000,0.309400,0.000000,139
2136,1.000000,308,76,1.000000,1.000000,1.000000,1.000000,0.412403,0.000000,14.000000,1.000000,1.000000,0.276764,0.000000,139
2140,1.000000,308,76,1.000000,1.000000,1.000000,1.000000,0.410853,0.000000,14.000000,1.000000,1.000000,0.246519,0.000000,140
2144,1.000000,308,76,1.000000,1.000000,1.000000,1.000000,0.409302,0.000000,14.000000,1.000000,1.000000,0.218566,0.000000,140
2148,1.000000,308,76,1.000000,1.000000,1.000000,1.000000,0.407752,0.000000,14.000000,1.000000,1.000000,0.192812,0.000000,141
2152,1.000000,308,76,1.000000,1.000000,1.000000,1.000000,0.406202,0.000000,13.517039,0.971283,1.000000,0.169160,0.265629,141
2156,1.000000,308,76,1.000000,1.000000,1.000000,1.000000,0.404651,0.000000,12.577906,0.915443,1.000000,0.147520,0.782152,142
2160,1.000000,308,76,1.000000,1.000000,1.000000,1.000000,0.403101,0.000000,11.673745,0.861682,1.000000,0.127798,1.279440,142
2164,1.000000,308,76,1.000000,1.000000,1.000000,1.000000,0.401550,0.000000,10.803680,0.809949,1.000000,0.109906,1.757976,143
2168,1.000000,308,76,1.000000,1.000000,1.000000,1.000000,0.400000,0.000000,9.966852,0.760191,1.000000,0.093753,2.218231,143
2172,1.000000,308,76,1.000000,1.000000,1.000000,1.000000,0.398450,0.000000,9.162429,0.712361,1.000000,0.079251,2.660664,144
2176,1.000000,308,76,1.000000,1.000000,1.000000,1.000000,0.396899,0.000000,8.389595,0.666408,1.000000,0.066313,3.085723,144
2180,1.000000,308,76,1.000000,1.000000,1.000000,1.000000,0.395349,0.000000,7.647553,0.622287,1.000000,0.054849,3.493846,145
2184,1.000000,308,76,1.000000,1.000000,1.000000,1.000000,0.393798,0.000000,6.935526,0.579950,1.000000,0.044775,3.885461,145
2188,1.000000,308,76,1.000000,1.000000,1.000000,1.000000,0.392248,0.000000,6.252752,0.539353,1.000000,0.036001,4.260986,146
2192,1.000000,308,76,1.000000,1.000000,1.000000,1.000000,0.390698,0.000000,5.598486,0.500451,1.000000,0.028441,4.620832,146
2196,1.000000,308,76,1.000000,1.000000,1.000000,1.000000,0.389147,0.000000,4.972000,0.463200,1.000000,0.022009,4.831965,147
2200,1.000000,308,76,1.000000,1.000000,1.000000,1.000000,0.387597,0.000000,4.372578,0.427559,1.000000,0.016616,4.640239,147
2204,1.000000,308,76,1.000000,1.000000,1.000000,1.000000,0.386047,0.000000,3.799518,0.393485,1.000000,0.012175,4.453370,148
2208,1.000000,308,76,1.000000,1.000000,1.000000,1.000000,0.384496,0.000000,3.252134,0.360938,1.000000,0.008596,4.271252,148
2212,1.000000,308,76,1.000000,1.000000,1.000000,1.000000,0.382946,0.000000,2.729750,0.329877,1.000000,0.005790,4.093781,149
2216,1.000000,308,76,1.000000,1.000000,1.000000,1.000000,0.381395,0.000000,2.231702,0.300263,1.000000,0.003667,3.920862,149
2220,1.000000,308,76,1.000000,1.000000,1.000000,1.000000,0.379845,0.000000,1.757338,0.272058,1.000000,0.002135,3.752401,150
2224,1.000000,308,76,1.000000,1.000000,1.000000,1.000000,0.378295,0.000000,1.306016,0.245223,1.000000,0.001100,3.588312,150
2228,1.000000,308,76,1.000000,1.000000,1.000000,1.000000,0.376744,0.000000,0.877104,0.219720,1.000000,0.000467,3.428511,151
2232,1.000000,308,76,1.000000,1.000000,1.000000,1.000000,0.375194,0.000000,0.469979,0.195512,1.000000,0.000139,3.272921,151
2236,1.000000,308,76,1.000000,1.000000,1.000000,1.000000,0.373643,0.000000,0.084027,0.172564,1.000000,0.000018,3.121466,152
2240,1.000000,308,76,1.000000,1.000000,1.000000,1.000000,0.372093,0.000000,-0.281357,0.150838,1.000000,0.000000,2.974078,152
2244,1.000000,308,76,1.000000,1.000000,1.000000,1.000000,0.370543,0.000000,-0.626771,0.130300,1.000000,0.000000,2.830688,153
2248,1.000000,308,76,1.000000,1.000000,1.000000,1.000000,0.368992,0.000000,-0.952807,0.110914,1.000000,0.000000,2.691236,153
2252,1.000000,308,76,1.000000,1.000000,1.000000,1.000000,0.367442,0.000000,-1.260048,0.092646,1.000000,0.000000,2.555662,154
2256,1.000000,308,76,1.000000,1.000000,1.000000,1.000000,0.365891,0.000000,-1.549072,0.075461,1.000000,0.000000,2.423911,154
2260,1.000000,308,76,1.000000,1.000000,1.000000,1.000000,0.364341,0.000000,-1.820454,0.059324,1.000000,0.000000,2.295933,155
2264,1.000000,308,76,1.000000,1.000000,1.000000,1.000000,0.362791,0.000000,-2.074758,0.044204,1.000000,0.000000,2.171676,155
2268,1.000000,308,76,1.000000,1.000000,1.000000,1.000000,0.361240,0.000000,-2.312549,0.030065,1.000000,0.000000,2.051098,156
2272,1.000000,308,76,1.000000,1.000000,1.000000,1.000000,0.359690,0.000000,-2.534383,0.016875,1.000000,0.000000,1.934157,156
2276,1.000000,308,76,1.000000,1.000000,1.000000,1.000000,0.358140,0.000000,-2.740817,0.004600,1.000000,0.000000,1.820812,157
2280,1.000000,308,76,1.000000,1.000000,1.000000,1.000000,0.356589,0.000000,-2.932401,-0.006791,1.000000,0.000000,1.711031,157
2284,1.000000,308,76,1.000000,1.000000,1.000000,1.000000,0.355039,0.000000,-3.109685,-0.017333,1.000000,0.000000,1.604778,158
2288,1.000000,308,76,1.000000,1.000000,1.000000,1.000000,0.353488,0.000000,-3.273215,-0.027056,1.000000,0.000000,1.502027,158
2292,1.000000,308,76,1.000000,1.000000,1.000000,1.000000,0.351938,0.000000,-3.423535,-0.035994,1.000000,0.000000,1.402749,159
2296,1.000000,308,76,1.000000,1.000000,1.000000,1.000000,0.350388,0.000000,-3.561189,-0.044179,1.000000,0.000000,1.306922,159
2300,1.000000,308,76,1.000000,1.000000,1.000000,1.000000,0.348837,0.000000,-3.686718,-0.051643,1.000000,0.000000,1.214524,160
2304,1.000000,308,76,1.000000,1.000000,1.000000,1.000000,0.347287,0.000000,-3.800666,-0.058418,1.000000,0.000000,1.125539,160
2308,1.000000,308,76,1.000000,1.000000,1.000000,1.000000,0.345736,0.000000,-3.903573,-0.064537,1.000000,0.000000,1.039951,161
2312,1.000000,308,76,1.000000,1.000000,1.000000,1.000000,0.344186,0.000000,-3.995983,-0.070031,1.000000,0.000000,0.957750,161
2316,1.000000,308,76,1.000000,1.000000,1.000000,1.000000,0.342636,0.000000,-4.078438,-0.074934,1.000000,0.000000,0.878926,162
2320,1.000000,308,76,1.000000,1.000000,1.000000,1.000000,0.341085,0.000000,-4.151484,-0.079277,1.000000,0.000000,0.803474,162
2324,1.000000,308,76,1.000000,1.000000,1.000000,1.000000,0.339535,0.000000,-4.215669,-0.083094,1.000000,0.000000,0.731391,163
2328,1.000000,308,76,1.000000,1.000000,1.000000,1.000000,0.337984,0.000000,-4.271542,-0.086416,1.000000,0.000000,0.662677,163
2332,1.000000,308,76,1.000000,1.000000,1.000000,1.000000,0.336434,0.000000,-4.319656,-0.089277,1.000000,0.000000,0.597335,164
2336,1.000000,308,76,1.000000,1.000000,1.000000,1.000000,0.334884,0.000000,-4.360567,-0.091709,1.000000,0.000000,0.535372,164
2340,1.000000,308,76,1.000000,1.000000,1.000000,1.000000,0.333333,0.000000,-4.394837,-0.093747,1.000000,0.000000,0.476797,165
2344,1.000000,308,76,1.000000,1.000000,1.000000,1.000000,0.331783,0.000000,-4.423031,-0.095423,1.000000,0.000000,0.421624,165
2348,1.000000,308,76,1.000000,1.000000,1.000000,1.000000,0.330233,0.000000,-4.445722,-0.096773,1.000000,0.000000,0.369868,166
2352,1.000000,308,76,1.000000,1.000000,1.000000,1.000000,0.328682,0.000000,-4.463485,-0.097829,1.000000,0.000000,0.321548,166
2356,1.000000,308,76,1.000000,1.000000,1.000000,1.000000,0.327132,0.000000,-4.476906,-0.098627,1.000000,0.000000,0.276689,167
2360,1.000000,308,76,1.000000,1.000000,1.000000,1.000000,0.325581,0.000000,-4.486576,-0.099202,1.000000,0.000000,0.235317,167
2364,1.000000,308,76,1.000000,1.000000,1.000000,1.000000,0.324031,0.000000,-4.493096,-0.099589,1.000000,0.000000,0.197461,168
2368,1.000000,308,76,1.000000,1.000000,1.000000,1.000000,0.322481,0.000000,-4.497074,-0.099826,1.000000,0.000000,0.163157,168
2372,1.000000,308,76,1.000000,1.000000,1.000000,1.000000,0.320930,0.000000,-4.499129,-0.099948,1.000000,0.000000,0.132443,169
2376,1.000000,308,76,1.000000,1.000000,1.000000,1.000000,0.319380,0.000000,-4.499891,-0.099993,1.000000,0.000000,0.105362,169
2380,1.000000,308,76,1.000000,1.000000,1.000000,1.000000,0.317829,0.000000,-4.500000,-0.100000,1.000000,0.000000,0.081959,170
2384,1.000000,308,76,1.000000,1.000000,1.000000,1.000000,0.316279,0.000000,-4.122151,-0.091603,1.000000,0.000000,-0.145591,170
2388,1.000000,308,76,1.000000,1.000000,1.000000,1.000000,0.314729,0.000000,-3.767180,-0.083715,1.000000,0.000000,-0.357138,171
2392,1.000000,308,76,1.000000,1.000000,1.000000,1.000000,0.313178,0.000000,-3.434152,-0.076314,1.000000,0.000000,-0.553510,171
2396,1.000000,308,76,1.000000,1.000000,1.000000,1.000000,0.311628,0.000000,-3.122168,-0.069382,1.000000,0.000000,-0.735518,172
2400,1.000000,308,76,1.000000,1.000000,1.000000,1.000000,0.310078,0.000000,-2.830365,-0.062897,1.000000,0.000000,-0.903958,172
2404,1.000000,308,76,1.000000,1.000000,1.000000,1.000000,0.308527,0.000000,-2.557910,-0.056842,1.000000,0.000000,-1.059612,173
2408,1.000000,308,76,1.000000,1.000000,1.000000,1.000000,0.306977,0.000000,-2.304000,-0.051200,1.000000,0.000000,-1.203250,173
2412,1.000000,308,76,1.000000,1.000000,1.000000,1.000000,0.305426,0.000000,-2.067859,-0.045952,1.000000,0.000000,-1.335633,174
2416,1.000000,308,76,1.000000,1.000000,1.000000,1.000000,0.303876,0.000000,-1.848736,-0.041083,1.000000,0.000000,-1.457514,174
2420,1.000000,308,76,1.000000,1.000000,1.000000,1.000000,0.302326,0.000000,-1.645901,-0.036576,1.000000,0.000000,-1.569637,175
2424,1.000000,308,76,1.000000,1.000000,1.000000,1.000000,0.300775,0.000000,-1.458647,-0.032414,1.000000,0.000000,-1.672743,175
2428,1.000000,308,76,1.000000,1.000000,1.000000,1.000000,0.299225,0.000000,-1.286282,-0.028584,1.000000,0.000000,-1.610482,176
2432,1.000000,308,76,1.000000,1.000000,1.000000,1.000000,0.297674,0.000000,-1.128135,-0.025070,1.000000,0.000000,-1.499132,176
2436,1.000000,308,76,1.000000,1.000000,1.000000,1.000000,0.296124,0.000000,-0.983548,-0.021857,1.000000,0.000000,-1.392519,177
2440,1.000000,308,76,1.000000,1.000000,1.000000,1.000000,0.294574,0.000000,-0.851878,-0.018931,1.000000,0.000000,-1.290499,177
2444,1.000000,308,76,1.000000,1.000000,1.000000,1.000000,0.293023,0.000000,-0.732492,-0.016278,1.000000,0.000000,-1.192938,178
2448,1.000000,308,76,1.000000,1.000000,1.000000,1.000000,0.291473,0.000000,-0.624770,-0.013884,1.000000,0.000000,-1.099716,178
2452,1.000000,308,76,1.000000,1.000000,1.000000,1.000000,0.289922,0.000000,-0.528101,-0.011736,1.000000,0.000000,-1.010724,179
2456,1.000000,308,76,1.000000,1.000000,1.000000,1.000000,0.288372,0.000000,-0.441882,-0.009820,1.000000,0.000000,-0.925864,179
2460,1.000000,308,76,1.000000,1.000000,1.000000,1.000000,0.286822,0.000000,-0.365514,-0.008123,1.000000,0.000000,-0.845046,180
2464,1.000000,308,76,1.000000,1.000000,1.000000,1.000000,0.285271,0.000000,-0.298407,-0.006631,1.000000,0.000000,-0.768193,180
2468,1.000000,308,76,1.000000,1.000000,1.000000,1.000000,0.283721,0.000000,-0.239972,-0.005333,1.000000,0.000000,-0.695236,181
2472,1.000000,308,76,1.000000,1.000000,1.000000,1.000000,0.282171,0.000000,-0.189624,-0.004214,1.000000,0.000000,-0.626115,181
2476,1.000000,308,76,1.000000,1.000000,1.000000,1.000000,0.280620,0.000000,-0.146779,-0.003262,1.000000,0.000000,-0.560778,182
2480,1.000000,308,76,1.000000,1.000000,1.000000,1.000000,0.279070,0.000000,-0.110850,-0.002463,1.000000,0.000000,-0.499185,182
2484,1.000000,308,76,1.000000,1.000000,1.000000,1.000000,0.277519,0.000000,-0.081252,-0.001806,1.000000,0.000000,-0.441302,183
2488,1.000000,308,76,1.000000,1.000000,1.000000,1.000000,0.275969,0.000000,-0.057394,-0.001275,1.000000,0.000000,-0.387105,183
2492,1.000000,308,76,1.000000,1.000000,1.000000,1.000000,0.274419,0.000000,-0.038681,-0.000860,1.000000,0.000000,-0.336578,184
2496,1.000000,308,76,1.000000,1.000000,1.000000,1.000000,0.272868,0.000000,-0.024513,-0.000545,1.000000,0.000000,-0.289714,184
2500,1.000000,308,76,1.000000,1.000000,1.000000,1.000000,0.271318,0.000000,-0.014280,-0.000317,1.000000,0.000000,-0.246515,185
2504,1.000000,308,76,1.000000,1.000000,1.000000,1.000000,0.269767,0.000000,-0.007362,-0.000164,1.000000,0.000000,-0.206994,185
2508,1.000000,308,76,1.000000,1.000000,1.000000,1.000000,0.268217,0.000000,-0.003128,-0.000070,1.000000,0.000000,-0.171171,186
2512,1.000000,308,76,1.000000,1.000000,1.000000,1.000000,0.266667,0.000000,-0.000934,-0.000021,1.000000,0.000000,-0.139076,186
2516,1.000000,308,76,1.000000,1.000000,1.000000,1.000000,0.265116,0.000000,-0.000118,-0.000003,1.000000,0.000000,-0.110752,187
2520,1.000000,308,76,1.000000,1.000000,1.000000,1.000000,0.263566,0.000000,0.000000,0.000000,1.000000,0.000000,-0.086250,187
2524,1.000000,308,76,1.000000,1.000000,1.000000,1.000000,0.262016,0.000000,0.000000,0.000000,1.000000,0.000000,-0.065569,188
2528,1.000000,308,76,1.000000,1.000000,1.000000,1.000000,0.260465,0.000000,0.000000,0.000000,1.000000,0.000000,-0.048449,0
2532,1.000000,308,76,1.000000,1.000000,1.000000,1.000000,0.258915,0.000000,0.000000,0.000000,1.000000,0.000000,-0.034569,0
2536,1.000000,308,76,1.000000,1.000000,1.000000,1.000000,0.257364,0.000000,0.000000,0.000000,1.000000,0.000000,-0.023600,0
2540,1.000000,308,76,1.000000,1.000000,1.000000,1.000000,0.255814,0.000000,0.000000,0.000000,1.000000,0.000000,-0.015214,0
2544,1.000000,308,76,1.000000,1.000000,1.000000,1.000000,0.254264,0.000000,0.000000,0.000000,1.000000,0.000000,-0.009077,0
2548,1.000000,308,76,1.000000,1.000000,1.000000,1.000000,0.252713,0.000000,0.000000,0.000000,1.000000,0.000000,-0.004848,0
2552,1.000000,308,76,1.000000,1.000000,1.000000,1.000000,0.251163,0.000000,0.000000,0.000000,1.000000,0.000000,-0.002184,0
2556,1.000000,308,76,1.000000,1.000000,1.000000,1.000000,0.249612,0.000000,0.000000,0.000000,1.000000,0.000000,-0.000730,0
2560,1.000000,308,76,1.000000,1.000000,1.000000,1.000000,0.248062,0.000000,0.000000,0.000000,1.000000,0.000000,-0.000126,0
2564,1.000000,308,76,1.000000,1.000000,1.000000,1.000000,0.246512,0.000000,0.000000,0.000000,1.000000,0.000000,-0.000001,0
2568,1.000000,308,76,1.000000,1.000000,1.000000,1.000000,0.244961,0.000000,0.000000,0.000000,1.000000,0.000000,0.000000,0
2572,1.000000,308,76,1.000000,1.000000,1.000000,1.000000,0.243411,0.000000,0.000000,0.000000,1.000000,0.000000,0.000000,0
2576,1.000000,308,76,1.000000,1.000000,1.000000,1.000000,0.241860,0.000000,0.000000,0.000000,1.000000,0.000000,0.000000,0
2580,1.000000,308,76,1.000000,1.000000,1.000000,1.000000,0.240310,0.000000,0.000000,0.000000,1.000000,0.000000,0.000000,0
2584,1.000000,308,76,1.000000,1.000000,1.000000,1.000000,0.238760,0.000000,0.000000,0.000000,1.000000,0.000000,0.000000,0
2588,1.000000,308,76,1.000000,1.000000,1.000000,1.000000,0.237209,0.000000,0.000000,0.000000,1.000000,0.000000,0.000000,0
2592,1.000000,308,76,1.000000,1.000000,1.000000,1.000000,0.235659,0.000000,0.000000,0.000000,1.000000,0.000000,0.000000,0
2596,1.000000,308,76,1.000000,1.000000,1.000000,1.000000,0.234109,0.000000,0.000000,0.000000,1.000000,0.000000,0.000000,0
2600,1.000000,308,76,1.000000,1.000000,1.000000,1.000000,0.232558,0.000000,0.000000,0.000000,1.000000,0.000000,0.000000,0
2604,1.000000,308,76,1.000000,1.000000,1.000000,1.000000,0.231008,0.000000,0.000000,0.000000,1.000000,0.000000,0.000000,0
2608,1.000000,308,76,1.000000,1.000000,1.000000,1.000000,0.229457,0.000000,0.000000,0.000000,1.000000,0.000000,0.000000,0
2612,1.000000,308,76,1.000000,1.000000,1.000000,1.000000,0.227907,0.000000,0.000000,0.000000,1.000000,0.000000,0.000000,0
2616,1.000000,308,76,1.000000,1.000000,1.000000,1.000000,0.226357,0.000000,0.000000,0.000000,1.000000,0.000000,0.000000,0
2620,1.000000,308,76,1.000000,1.000000,1.000000,1.000000,0.224806,0.000000,0.000000,0.000000,1.000000,0.000000,0.000000,0
2624,1.000000,308,76,1.000000,1.000000,1.000000,1.000000,0.223256,0.000000,0.000000,0.000000,1.000000,0.000000,0.000000,0
2628,1.000000,308,76,1.000000,1.000000,1.000000,1.000000,0.221705,0.000000,0.000000,0.000000,1.000000,0.000000,0.000000,0
2632,1.000000,308,76,1.000000,1.000000,1.000000,1.000000,0.220155,0.000000,0.000000,0.000000,1.000000,0.000000,0.000000,0
2636,1.000000,308,76,1.000000,1.000000,1.000000,1.000000,0.218605,0.000000,0.000000,0.000000,1.000000,0.000000,0.000000,0
2640,1.000000,308,76,1.000000,1.000000,1.000000,1.000000,0.217054,0.000000,0.000000,0.000000,1.000000,0.000000,0.000000,0
2644,1.000000,308,76,1.000000,1.000000,1.000000,1.000000,0.215504,0.000000,0.000000,0.000000,1.000000,0.000000,0.000000,0
2648,1.000000,308,76,1.000000,1.000000,1.000000,1.000000,0.213953,0.000000,0.000000,0.000000,1.000000,0.000000,0.000000,0
2652,1.000000,308,76,1.000000,1.000000,1.000000,1.000000,0.212403,0.000000,0.000000,0.000000,1.000000,0.000000,0.000000,0
2656,1.000000,308,76,1.000000,1.000000,1.000000,1.000000,0.210853,0.000000,0.000000,0.000000,1.000000,0.000000,0.000000,0
2660,1.000000,308,76,1.000000,1.000000,1.000000,1.000000,0.209302,0.000000,0.000000,0.000000,1.000000,0.000000,0.000000,0
2664,1.000000,308,76,1.000000,1.000000,1.000000,1.000000,0.207752,0.000000,0.000000,0.000000,1.000000,0.000000,0.000000,0
2668,1.000000,308,76,1.000000,1.000000,1.000000,1.000000,0.206202,0.000000,0.000000,0.000000,1.000000,0.000000,0.000000,0
2672,1.000000,308,76,1.000000,1.000000,1.000000,1.000000,0.204651,0.000000,0.000000,0.000000,1.000000,0.000000,0.000000,0
2676,1.000000,308,76,1.000000,1.000000,1.000000,1.000000,0.203101,0.000000,0.000000,0.000000,1.000000,0.000000,0.000000,0
2680,1.000000,308,76,1.000000,1.000000,1.000000,1.000000,0.201550,0.000000,0.000000,0.000000,1.000000,0.000000,0.000000,0
2684,1.000000,308,76,1.000000,1.000000,1.000000,1.000000,0.200000,0.000000,0.000000,0.000000,1.000000,0.000000,0.000000,0
2688,1.000000,308,76,1.000000,1.000000,1.000000,1.000000,0.198450,0.000000,0.000000,0.000000,1.000000,0.000000,0.000000,0
2692,1.000000,308,76,1.000000,1.000000,1.000000,1.000000,0.196899,0.000000,0.000000,0.000000,1.000000,0.000000,0.000000,0
2696,1.000000,308,76,1.000000,1.000000,1.000000,1.000000,0.195349,0.000000,0.000000,0.000000,1.000000,0.000000,0.000000,0
2700,1.000000,308,76,1.000000,1.000000,1.000000,1.000000,0.193798,0.000000,0.000000,0.000000,1.000000,0.000000,0.000000,0
2704,1.000000,308,76,1.000000,1.000000,1.000000,1.000000,0.192248,0.000000,0.000000,0.000000,1.000000,0.000000,0.000000,0
2708,1.000000,308,76,1.000000,1.000000,1.000000,1.000000,0.190698,0.000000,0.000000,0.000000,1.000000,0.000000,0.000000,0
2712,1.000000,308,76,1.000000,1.000000,1.000000,1.000000,0.189147,0.000000,0.000000,0.000000,1.000000,0.000000,0.000000,0
2716,1.000000,308,76,1.000000,1.000000,1.000000,1.000000,0.187597,0.000000,0.000000,0.000000,1.000000,0.000000,0.000000,0
2720,1.000000,308,76,1.000000,1.000000,1.000000,1.000000,0.186047,0.000000,0.000000,0.000000,1.000000,0.000000,0.000000,0
2724,1.000000,308,76,1.000000,1.000000,1.000000,1.000000,0.184496,0.000000,0.000000,0.000000,1.000000,0.000000,0.000000,0
2728,1.000000,308,76,1.000000,1.000000,1.000000,1.000000,0.182946,0.000000,0.000000,0.000000,1.000000,0.000000,0.000000,0
2732,1.000000,308,76,1.000000,1.000000,1.000000,1.000000,0.181395,0.000000,0.000000,0.000000,1.000000,0.000000,0.000000,0
2736,1.000000,308,76,1.000000,1.000000,1.000000,1.000000,0.179845,0.000000,0.000000,0.000000,1.000000,0.000000,0.000000,0
2740,1.000000,308,76,1.000000,1.000000,1.000000,1.000000,0.178295,0.000000,0.000000,0.000000,1.000000,0.000000,0.000000,0
2744,1.000000,308,76,1.000000,1.000000,1.000000,1.000000,0.176744,0.000000,0.000000,0.000000,1.000000,0.000000,0.000000,0
2748,1.000000,308,76,1.000000,1.000000,1.000000,1.000000,0.175194,0.000000,0.000000,0.000000,1.000000,0.000000,0.000000,0
2752,1.000000,308,76,1.000000,1.000000,1.000000,1.000000,0.173643,0.000000,0.000000,0.000000,1.000000,0.000000,0.000000,0
2756,1.000000,308,76,1.000000,1.000000,1.000000,1.000000,0.172093,0.000000,0.000000,0.000000,1.000000,0.000000,0.000000,0
2760,1.000000,308,76,1.000000,1.000000,1.000000,1.000000,0.170543,0.000000,0.000000,0.000000,1.000000,0.000000,0.000000,0
2764,1.000000,308,76,1.000000,1.000000,1.000000,1.000000,0.168992,0.000000,0.000000,0.000000,1.000000,0.000000,0.000000,0
2768,1.000000,308,76,1.000000,1.000000,1.000000,1.000000,0.167442,0.000000,0.000000,0.000000,1.000000,0.000000,0.000000,0
2772,1.000000,308,76,1.000000,1.000000,1.000000,1.000000,0.165891,0.000000,0.000000,0.000000,1.000000,0.000000,0.000000,0
2776,1.000000,308,76,1.000000,1.000000,1.000000,1.000000,0.164341,0.000000,0.000000,0.000000,1.000000,0.000000,0.000000,0
2780,1.000000,308,76,1.000000,1.000000,1.000000,1.000000,0.162791,0.000000,0.000000,0.000000,1.000000,0.000000,0.000000,0
2784,1.000000,308,76,1.000000,1.000000,1.000000,1.000000,0.161240,0.000000,0.000000,0.000000,1.000000,0.000000,0.000000,0
2788,1.000000,308,76,1.000000,1.000000,1.000000,1.000000,0.159690,0.000000,0.000000,0.000000,1.000000,0.000000,0.000000,0
2792,1.000000,308,76,1.000000,1.000000,1.000000,1.000000,0.158140,0.000000,0.000000,0.000000,1.000000,0.000000,0.000000,0
2796,1.000000,308,76,1.000000,1.000000,1.000000,1.000000,0.156589,0.000000,0.000000,0.000000,1.000000,0.000000,0.000000,0
2800,1.000000,308,76,1.000000,1.000000,1.000000,1.000000,0.155039,0.000000,0.000000,0.000000,1.000000,0.000000,0.000000,0
2804,1.000000,308,76,1.000000,1.000000,1.000000,1.000000,0.153488,0.000000,0.000000,0.000000,1.000000,0.000000,0.000000,0
2808,1.000000,308,76,1.000000,1.000000,1.000000,1.000000,0.151938,0.000000,0.000000,0.000000,1.000000,0.000000,0.000000,0
2812,1.000000,308,76,1.000000,1.000000,1.000000,1.000000,0.150388,0.000000,0.000000,0.000000,1.000000,0.000000,0.000000,0
2816,1.000000,308,76,1.000000,1.000000,1.000000,1.000000,0.148837,0.000000,0.000000,0.000000,1.000000,0.000000,0.000000,0
2820,1.000000,308,76,1.000000,1.000000,1.000000,1.000000,0.147287,0.000000,0.000000,0.000000,1.000000,0.000000,0.000000,0
2824,1.000000,308,76,1.000000,1.000000,1.000000,1.000000,0.145736,0.000000,0.000000,0.000000,1.000000,0.000000,0.000000,0
2828,1.000000,308,76,1.000000,1.000000,1.000000,1.000000,0.144186,0.000000,0.000000,0.000000,1.000000,0.000000,0.000000,0
2832,1.000000,308,76,1.000000,1.000000,1.000000,1.000000,0.142636,0.000000,0.000000,0.000000,1.000000,0.000000,0.000000,0
2836,1.000000,308,76,1.000000,1.000000,1.000000,1.000000,0.141085,0.000000,0.000000,0.000000,1.000000,0.000000,0.000000,0
2840,1.000000,308,76,1.000000,1.000000,1.000000,1.000000,0.139535,0.000000,0.000000,0.000000,1.000000,0.000000,0.000000,0
2844,1.000000,308,76,1.000000,1.000000,1.000000,1.000000,0.137984,0.000000,0.000000,0.000000,1.000000,0.000000,0.000000,0
2848,1.000000,308,76,1.000000,1.000000,1.000000,1.000000,0.136434,0.000000,0.000000,0.000000,1.000000,0.000000,0.000000,0
2852,1.000000,308,76,1.000000,1.000000,1.000000,1.000000,0.134884,0.000000,0.000000,0.000000,1.000000,0.000000,0.000000,0
2856,1.000000,308,76,1.000000,1.000000,1.000000,1.000000,0.133333,0.000000,0.000000,0.000000,1.000000,0.000000,0.000000,0
2860,1.000000,308,76,1.000000,1.000000,1.000000,1.000000,0.131783,0.000000,0.000000,0.000000,1.000000,0.000000,0.000000,0
2864,1.000000,308,76,1.000000,1.000000,1.000000,1.000000,0.130233,0.000000,0.000000,0.000000,1.000000,0.000000,0.000000,0
2868,1.000000,308,76,1.000000,1.000000,1.000000,1.000000,0.128682,0.000000,0.000000,0.000000,1.000000,0.000000,0.000000,0
2872,1.000000,308,76,1.000000,1.000000,1.000000,1.000000,0.127132,0.000000,0.000000,0.000000,1.000000,0.000000,0.000000,0
2876,1.000000,308,76,1.000000,1.000000,1.000000,1.000000,0.125581,0.000000,0.000000,0.000000,1.000000,0.000000,0.000000,0
2880,1.000000,308,76,1.000000,1.000000,1.000000,1.000000,0.124031,0.000000,0.000000,0.000000,1.000000,0.000000,0.000000,0
2884,1.000000,308,76,1.000000,1.000000,1.000000,1.000000,0.122481,0.000000,0.000000,0.000000,1.000000,0.000000,0.000000,0
2888,1.000000,308,76,1.000000,1.000000,1.000000,1.000000,0.120930,0.000000,0.000000,0.000000,1.000000,0.000000,0.000000,0
2892,1.000000,308,76,1.000000,1.000000,1.000000,1.000000,0.119380,0.000000,0.000000,0.000000,1.000000,0.000000,0.000000,0
2896,1.000000,308,76,1.000000,1.000000,1.000000,1.000000,0.117829,0.000000,0.000000,0.000000,1.000000,0.000000,0.000000,0
2900,1.000000,308,76,1.000000,1.000000,1.000000,1.000000,0.116279,0.000000,0.000000,0.000000,1.000000,0.000000,0.000000,0
2904,1.000000,308,76,1.000000,1.000000,1.000000,1.000000,0.114729,0.000000,0.000000,0.000000,1.000000,0.000000,0.000000,0
2908,1.000000,308,76,1.000000,1.000000,1.000000,1.000000,0.113178,0.000000,0.000000,0.000000,1.000000,0.000000,0.000000,0
2912,1.000000,308,76,1.000000,1.000000,1.000000,1.000000,0.111628,0.000000,0.000000,0.000000,1.000000,0.000000,0.000000,0
2916,1.000000,308,76,1.000000,1.000000,1.000000,1.000000,0.110078,0.000000,0.000000,0.000000,1.000000,0.000000,0.000000,0
2920,1.000000,308,76,1.000000,1.000000,1.000000,1.000000,0.108527,0.000000,0.000000,0.000000,1.000000,0.000000,0.000000,0
2924,1.000000,308,76,1.000000,1.000000,1.000000,1.000000,0.106977,0.000000,0.000000,0.000000,1.000000,0.000000,0.000000,0
2928,1.000000,308,76,1.000000,1.000000,1.000000,1.000000,0.105426,0.000000,0.000000,0.000000,1.000000,0.000000,0.000000,0
2932,1.000000,308,76,1.000000,1.000000,1.000000,1.000000,0.103876,0.000000,0.000000,0.000000,1.000000,0.000000,0.000000,0
2936,1.000000,308,76,1.000000,1.000000,1.000000,1.000000,0.102326,0.000000,0.000000,0.000000,1.000000,0.000000,0.000000,0
2940,1.000000,308,76,1.000000,1.000000,1.000000,1.000000,0.100775,0.000000,0.000000,0.000000,1.000000,0.000000,0.000000,0
2944,1.000000,308,76,1.000000,1.000000,1.000000,1.000000,0.099225,0.000000,0.000000,0.000000,1.000000,0.000000,0.000000,0
2948,1.000000,308,76,1.000000,1.000000,1.000000,1.000000,0.097674,0.000000,0.000000,0.000000,1.000000,0.000000,0.000000,0
2952,1.000000,308,76,1.000000,1.000000,1.000000,1.000000,0.096124,0.000000,0.000000,0.000000,1.000000,0.000000,0.000000,0
2956,1.000000,308,76,1.000000,1.000000,1.000000,1.000000,0.094574,0.000000,0.000000,0.000000,1.000000,0.000000,0.000000,0
2960,1.000000,308,76,1.000000,1.000000,1.000000,1.000000,0.093023,0.000000,0.000000,0.000000,1.000000,0.000000,0.000000,0
2964,1.000000,308,76,1.000000,1.000000,1.000000,1.000000,0.091473,0.000000,0.000000,0.000000,1.000000,0.000000,0.000000,0
2968,1.000000,308,76,1.000000,1.000000,1.000000,1.000000,0.089922,0.000000,0.000000,0.000000,1.000000,0.000000,0.000000,0
2972,1.000000,308,76,1.000000,1.000000,1.000000,1.000000,0.088372,0.000000,0.000000,0.000000,1.000000,0.000000,0.000000,0
2976,1.000000,308,76,1.000000,1.000000,1.000000,1.000000,0.086822,0.000000,0.000000,0.000000,1.000000,0.000000,0.000000,0
2980,1.000000,308,76,1.000000,1.000000,1.000000,1.000000,0.085271,0.000000,0.000000,0.000000,1.000000,0.000000,0.000000,0
2984,1.000000,308,76,1.000000,1.000000,1.000000,1.000000,0.083721,0.000000,0.000000,0.000000,1.000000,0.000000,0.000000,0
2988,1.000000,308,76,1.000000,1.000000,1.000000,1.000000,0.082171,0.000000,0.000000,0.000000,1.000000,0.000000,0.000000,0
2992,1.000000,308,76,1.000000,1.000000,1.000000,1.000000,0.080620,0.000000,0.000000,0.000000,1.000000,0.000000,0.000000,0
2996,1.000000,308,76,1.000000,1.000000,1.000000,1.000000,0.079070,0.000000,0.000000,0.000000,1.000000,0.000000,0.000000,0
3000,1.000000,308,76,1.000000,1.000000,1.000000,1.000000,0.077519,0.000000,0.000000,0.000000,1.000000,0.000000,0.000000,0
3004,1.000000,308,76,1.000000,1.000000,1.000000,1.000000,0.075969,0.000000,0.000000,0.000000,1.000000,0.000000,0.000000,0
3008,1.000000,308,76,1.000000,1.000000,1.000000,1.000000,0.074419,0.000000,0.000000,0.000000,1.000000,0.000000,0.000000,0
3012,1.000000,308,76,1.000000,1.000000,1.000000,1.000000,0.072868,0.000000,0.000000,0.000000,1.000000,0.000000,0.000000,0
3016,1.000000,308,76,1.000000,1.000000,1.000000,1.000000,0.071318,0.000000,0.000000,0.000000,1.000000,0.000000,0.000000,0
3020,1.000000,308,76,1.000000,1.000000,1.000000,1.000000,0.069767,0.000000,0.000000,0.000000,1.000000,0.000000,0.000000,0
3024,1.000000,308,76,1.000000,1.000000,1.000000,1.000000,0.068217,0.000000,0.000000,0.000000,1.000000,0.000000,0.000000,0
3028,1.000000,308,76,1.000000,1.000000,1.000000,1.000000,0.066667,0.000000,0.000000,0.000000,1.000000,0.000000,0.000000,0
3032,1.000000,308,76,1.000000,1.000000,0.999776,1.000000,0.065116,0.000000,0.000000,0.000000,1.000000,0.000000,0.000000,189
3036,1.000000,308,76,1.000000,1.000000,0.997962,1.000000,0.063566,0.000000,0.000000,0.000000,1.000000,0.000000,0.000000,189
3040,1.000000,308,76,1.000000,1.000000,0.994269,1.000000,0.062016,0.000000,0.000000,0.000000,1.000000,0.000000,0.000000,190
3044,1.000000,308,76,1.000000,1.000000,0.988624,1.000000,0.060465,0.000000,0.000000,0.000000,1.000000,0.000000,0.000000,190
3048,1.000000,308,76,1.000000,1.000000,0.980956,1.000000,0.058915,0.000000,0.000000,0.000000,1.000000,0.000000,0.000000,191
3052,1.000000,308,76,1.000000,1.000000,0.971188,1.000000,0.057364,0.000000,0.000000,0.000000,1.000000,0.000000,0.000000,191
3056,1.000000,308,76,1.000000,1.000000,0.959244,1.000000,0.055814,0.000000,0.000000,0.000000,1.000000,0.000000,0.000000,192
3060,1.000000,308,76,1.000000,1.000000,0.945045,1.000000,0.054264,0.000000,0.000000,0.000000,1.000000,0.000000,0.000000,192
3064,1.000000,308,76,1.000000,1.000000,0.928512,1.000000,0.052713,0.000000,0.000000,0.000000,1.000000,0.000000,0.000000,193
3068,1.000000,308,76,1.000000,1.000000,0.909566,1.000000,0.051163,0.000000,0.000000,0.000000,1.000000,0.000000,0.000000,193
3072,1.000000,308,76,1.000000,1.000000,0.888131,1.000000,0.049612,0.000000,0.000000,0.000000,1.000000,0.000000,0.000000,194
3076,1.000000,308,76,1.000000,0.999944,0.864133,1.000000,0.048062,0.000000,0.000000,0.000000,1.000000,0.000000,0.000000,194
3080,1.000000,308,76,1.000000,0.998589,0.837503,1.000000,0.046512,0.000000,0.000000,0.000000,1.000000,0.000000,0.000000,195
3084,1.000000,308,76,1.000000,0.995372,0.808179,1.000000,0.044961,0.000000,0.000000,0.000000,1.000000,0.000000,0.000000,195
3088,1.000000,308,76,1.000000,0.990222,0.776113,1.000000,0.043411,0.000000,0.000000,0.000000,1.000000,0.000000,0.000000,196
3092,1.000000,308,76,1.000000,0.983067,0.741267,1.000000,0.041860,0.000000,0.000000,0.000000,1.000000,0.000000,0.000000,196
3096,1.000000,308,76,1.000000,0.973831,0.703627,1.000000,0.040310,0.000000,0.000000,0.000000,1.000000,0.000000,0.000000,197
3100,1.000000,308,76,1.000000,0.962439,0.663200,1.000000,0.038760,0.000000,0.000000,0.000000,1.000000,0.000000,0.000000,197
3104,1.000000,308,76,1.000000,0.948811,0.620025,1.000000,0.037209,0.000000,0.000000,0.000000,1.000000,0.000000,0.000000,198
3108,1.000000,308,76,1.000000,0.932868,0.574182,1.000000,0.035659,0.000000,0.000000,0.000000,1.000000,0.000000,0.000000,198
3112,1.000000,308,76,1.000000,0.914533,0.525793,1.000000,0.034109,0.000000,0.000000,0.000000,1.000000,0.000000,0.000000,199
3116,1.000000,308,76,1.000000,0.893728,0.475035,1.000000,0.032558,0.000000,0.000000,0.000000,1.000000,0.000000,0.000000,199
3120,1.000000,308,76,1.000000,0.870377,0.422149,1.000000,0.031008,0.000000,0.000000,0.000000,1.000000,0.000000,0.000000,200
3124,1.000000,308,76,1.000000,0.844410,0.367442,1.000000,0.029457,0.000000,0.000000,0.000000,1.000000,0.000000,0.000000,200
3128,1.000000,308,76,1.000000,0.815765,0.311292,1.000000,0.027907,0.000000,0.000000,0.000000,1.000000,0.000000,0.000000,201
3132,1.000000,308,76,1.000000,0.784389,0.254153,1.000000,0.026357,0.000000,0.000000,0.000000,1.000000,0.000000,0.000000,201
3136,1.000000,308,76,1.000000,0.750240,0.196546,1.000000,0.024806,0.000000,0.000000,0.000000,1.000000,0.000000,0.000000,202
3140,1.000000,308,76,1.000000,0.713299,0.139055,1.000000,0.023256,0.000000,0.000000,0.000000,1.000000,0.000000,0.000000,202
3144,1.000000,308,76,1.000000,0.673566,0.082305,1.000000,0.021705,0.000000,0.000000,0.000000,1.000000,0.000000,0.000000,203
3148,1.000000,308,76,1.000000,0.631073,0.026950,1.000000,0.020155,0.000000,0.000000,0.000000,1.000000,0.000000,0.000000,203
3152,1.000000,308,76,1.000000,0.585887,0.000000,1.000000,0.018605,0.000000,0.000000,0.000000,1.000000,0.000000,0.000000,204
3156,1.000000,308,76,1.000000,0.538120,0.000000,1.000000,0.017054,0.000000,0.000000,0.000000,1.000000,0.000000,0.000000,204
3160,1.000000,308,76,1.000000,0.487935,0.000000,1.000000,0.015504,0.000000,0.000000,0.000000,1.000000,0.000000,0.000000,205
3164,1.000000,308,76,1.000000,0.435555,0.000000,1.000000,0.013953,0.000000,0.000000,0.000000,1.000000,0.000000,0.000000,205
3168,1.000000,308,76,1.000000,0.381270,0.000000,1.000000,0.012403,0.000000,0.000000,0.000000,1.000000,0.000000,0.000000,206
3172,1.000000,308,76,1.000000,0.325441,0.000000,1.000000,0.010853,0.000000,0.000000,0.000000,1.000000,0.000000,0.000000,206
3176,1.000000,308,76,1.000000,0.268503,0.000000,1.000000,0.009302,0.000000,0.000000,0.000000,1.000000,0.000000,0.000000,207
3180,1.000000,308,76,1.000000,0.210961,0.000000,1.000000,0.007752,0.000000,0.000000,0.000000,1.000000,0.000000,0.000000,207
3184,1.000000,308,76,1.000000,0.153383,0.000000,1.000000,0.006202,0.000000,0.000000,0.000000,1.000000,0.000000,0.000000,208
3188,1.000000,308,76,1.000000,0.096387,0.000000,1.000000,0.004651,0.000000,0.000000,0.000000,1.000000,0.000000,0.000000,208
3192,1.000000,308,76,1.000000,0.040622,0.000000,1.000000,0.003101,0.000000,0.000000,0.000000,1.000000,0.000000,0.000000,209
3196,1.000000,308,76,1.000000,0.000000,0.000000,1.000000,0.001550,0.000000,0.000000,0.000000,1.000000,0.000000,0.000000,209
3200,1.000000,308,76,1.000000,0.000000,0.000000,1.000000,0.000000,0.000000,0.000000,0.000000,1.000000,0.000000,0.000000,210
3204,1.000000,308,76,0.999870,0.000000,0.000000,1.000000,0.000000,0.000000,0.000000,0.000000,1.000000,0.000000,0.000000,210
3208,1.000000,308,76,0.999474,0.000000,0.000000,1.000000,0.000000,0.000000,0.000000,0.000000,1.000000,0.000000,0.000000,211
3212,1.000000,308,76,0.998799,0.000000,0.000000,1.000000,0.000000,0.000000,0.000000,0.000000,1.000000,0.000000,0.000000,211
3216,1.000000,308,76,0.997836,0.000000,0.000000,1.000000,0.000000,0.000000,0.000000,0.000000,1.000000,0.000000,0.000000,212
3220,1.000000,308,76,0.996570,0.000000,0.000000,1.000000,0.000000,0.000000,0.000000,0.000000,1.000000,0.000000,0.000000,212
3224,1.000000,308,76,0.994990,0.000000,0.000000,1.000000,0.000000,0.000000,0.000000,0.000000,1.000000,0.000000,0.000000,213
3228,1.000000,308,76,0.993081,0.000000,0.000000,1.000000,0.000000,0.000000,0.000000,0.000000,1.000000,0.000000,0.000000,213
3232,1.000000,308,76,0.990827,0.000000,0.000000,1.000000,0.000000,0.000000,0.000000,0.000000,1.000000,0.000000,0.000000,214
3236,1.000000,308,76,0.988214,0.000000,0.000000,1.000000,0.000000,0.000000,0.000000,0.000000,1.000000,0.000000,0.000000,214
3240,1.000000,308,76,0.985224,0.000000,0.000000,1.000000,0.000000,0.000000,0.000000,0.000000,1.000000,0.000000,0.000000,215
3244,1.000000,308,76,0.981838,0.000000,0.000000,1.000000,0.000000,0.000000,0.000000,0.000000,1.000000,0.000000,0.000000,215
3248,1.000000,308,76,0.978038,0.000000,0.000000,1.000000,0.000000,0.000000,0.000000,0.000000,1.000000,0.000000,0.000000,216
3252,1.000000,308,76,0.973803,0.000000,0.000000,1.000000,0.000000,0.000000,0.000000,0.000000,1.000000,0.000000,0.000000,216
3256,1.000000,308,76,0.969109,0.000000,0.000000,1.000000,0.000000,0.000000,0.000000,0.000000,1.000000,0.000000,0.000000,217
3260,1.000000,308,76,0.963933,0.000000,0.000000,1.000000,0.000000,0.000000,0.000000,0.000000,1.000000,0.000000,0.000000,217
3264,1.000000,308,76,0.958250,0.000000,0.000000,1.000000,0.000000,0.000000,0.000000,0.000000,1.000000,0.000000,0.000000,218
3268,1.000000,308,76,0.952032,0.000000,0.000000,1.000000,0.000000,0.000000,0.000000,0.000000,1.000000,0.000000,0.000000,218
3272,1.000000,308,76,0.945248,0.000000,0.000000,1.000000,0.000000,0.000000,0.000000,0.000000,1.000000,0.000000,0.000000,219
3276,1.000000,308,76,0.937869,0.000000,0.000000,1.000000,0.000000,0.000000,0.000000,0.000000,1.000000,0.000000,0.000000,219
3280,1.000000,308,76,0.929858,0.000000,0.000000,1.000000,0.000000,0.000000,0.000000,0.000000,1.000000,0.000000,0.000000,220
3284,1.000000,308,76,0.921181,0.000000,0.000000,1.000000,0.000000,0.000000,0.000000,0.000000,1.000000,0.000000,0.000000,220
3288,1.000000,308,76,0.911797,0.000000,0.000000,1.000000,0.000000,0.000000,0.000000,0.000000,1.000000,0.000000,0.000000,221
3292,1.000000,308,76,0.901666,0.000000,0.000000,1.000000,0.000000,0.000000,0.000000,0.000000,1.000000,0.000000,0.000000,221
3296,1.000000,308,76,0.890743,0.000000,0.000000,1.000000,0.000000,0.000000,0.000000,0.000000,1.000000,0.000000,0.000000,222
3300,1.000000,308,76,0.878981,0.000000,0.000000,1.000000,0.000000,0.000000,0.000000,0.000000,1.000000,0.000000,0.000000,222
3304,1.000000,308,76,0.866332,0.000000,0.000000,1.000000,0.000000,0.000000,0.000000,0.000000,1.000000,0.000000,0.000000,223
3308,1.000000,308,76,0.852743,0.000000,0.000000,1.000000,0.000000,0.000000,0.000000,0.000000,1.000000,0.000000,0.000000,223
3312,1.000000,308,76,0.838163,0.000000,0.000000,1.000000,0.000000,0.000000,0.000000,0.000000,1.000000,0.000000,0.000000,224
3316,1.000000,308,76,0.822537,0.000000,0.000000,1.000000,0.000000,0.000000,0.000000,0.000000,1.000000,0.000000,0.000000,224
3320,1.000000,308,76,0.805813,0.000000,0.000000,1.000000,0.000000,0.000000,0.000000,0.000000,1.000000,0.000000,0.000000,225
3324,1.000000,308,76,0.787941,0.000000,0.000000,1.000000,0.000000,0.000000,0.000000,0.000000,1.000000,0.000000,0.000000,225
3328,1.000000,308,76,0.768875,0.000000,0.000000,1.000000,0.000000,0.000000,0.000000,0.000000,1.000000,0.000000,0.000000,226
3332,1.000000,308,76,0.748577,0.000000,0.000000,1.000000,0.000000,0.000000,0.000000,0.000000,1.000000,0.000000,0.000000,226
3336,1.000000,308,76,0.727022,0.000000,0.000000,1.000000,0.000000,0.000000,0.000000,0.000000,1.000000,0.000000,0.000000,227
3340,1.000000,308,76,0.704203,0.000000,0.000000,1.000000,0.000000,0.000000,0.000000,0.000000,1.000000,0.000000,0.000000,227
3344,1.000000,308,76,0.680135,0.000000,0.000000,1.000000,0.000000,0.000000,0.000000,0.000000,1.000000,0.000000,0.000000,228
3348,1.000000,308,76,0.654863,0.000000,0.000000,1.000000,0.000000,0.000000,0.000000,0.000000,1.000000,0.000000,0.000000,228
3352,1.000000,308,76,0.628468,0.000000,0.000000,1.000000,0.000000,0.000000,0.000000,0.000000,1.000000,0.000000,0.000000,229
3356,1.000000,308,76,0.601072,0.000000,0.000000,1.000000,0.000000,0.000000,0.000000,0.000000,1.000000,0.000000,0.000000,229
3360,1.000000,308,76,0.572836,0.000000,0.000000,1.000000,0.000000,0.000000,0.000000,0.000000,1.000000,0.000000,0.000000,230
3364,1.000000,308,76,0.543966,0.000000,0.000000,1.000000,0.000000,0.000000,0.000000,0.000000,1.000000,0.000000,0.000000,230
3368,1.000000,308,76,0.514700,0.000000,0.000000,1.000000,0.000000,0.000000,0.000000,0.000000,1.000000,0.000000,0.000000,231
3372,1.000000,308,76,0.485300,0.000000,0.000000,1.000000,0.000000,0.000000,0.000000,0.000000,1.000000,0.000000,0.000000,231
3376,1.000000,308,76,0.456034,0.000000,0.000000,1.000000,0.000000,0.000000,0.000000,0.000000,1.000000,0.000000,0.000000,232
3380,1.000000,308,76,0.427164,0.000000,0.000000,1.000000,0.000000,0.000000,0.000000,0.000000,1.000000,0.000000,0.000000,232
3384,1.000000,308,76,0.398928,0.000000,0.000000,1.000000,0.000000,0.000000,0.000000,0.000000,1.000000,0.000000,0.000000,233
3388,1.000000,308,76,0.371532,0.000000,0.000000,1.000000,0.000000,0.000000,0.000000,0.000000,1.000000,0.000000,0.000000,233
3392,1.000000,308,76,0.345137,0.000000,0.000000,1.000000,0.000000,0.000000,0.000000,0.000000,1.000000,0.000000,0.000000,234
3396,1.000000,308,76,0.319865,0.000000,0.000000,1.000000,0.000000,0.000000,0.000000,0.000000,1.000000,0.000000,0.000000,234
3400,1.000000,308,76,0.295797,0.000000,0.000000,1.000000,0.000000,0.000000,0.000000,0.000000,1.000000,0.000000,0.000000,235
3404,1.000000,308,76,0.272978,0.000000,0.000000,1.000000,0.000000,0.000000,0.000000,0.000000,1.000000,0.000000,0.000000,235
3408,1.000000,308,76,0.251423,0.000000,0.000000,1.000000,0.000000,0.000000,0.000000,0.000000,1.000000,0.000000,0.000000,236
3412,1.000000,308,76,0.231125,0.000000,0.000000,1.000000,0.000000,0.000000,0.000000,0.000000,1.000000,0.000000,0.000000,236
3416,1.000000,308,76,0.212059,0.000000,0.000000,1.000000,0.000000,0.000000,0.000000,0.000000,1.000000,0.000000,0.000000,237
3420,1.000000,308,76,0.194187,0.000000,0.000000,1.000000,0.000000,0.000000,0.000000,0.000000,1.000000,0.000000,0.000000,237
3424,1.000000,308,76,0.177463,0.000000,0.000000,1.000000,0.000000,0.000000,0.000000,0.000000,1.000000,0.000000,0.000000,238
3428,1.000000,308,76,0.161837,0.000000,0.000000,1.000000,0.000000,0.000000,0.000000,0.000000,1.000000,0.000000,0.000000,238
3432,1.000000,308,76,0.147257,0.000000,0.000000,1.000000,0.000000,0.000000,0.000000,0.000000,1.000000,0.000000,0.000000,239
3436,1.000000,308,76,0.133668,0.000000,0.000000,1.000000,0.000000,0.000000,0.000000,0.000000,1.000000,0.000000,0.000000,239
3440,1.000000,308,76,0.121019,0.000000,0.000000,1.000000,0.000000,0.000000,0.000000,0.000000,1.000000,0.000000,0.000000,240
3444,1.000000,308,76,0.109257,0.000000,0.000000,1.000000,0.000000,0.000000,0.000000,0.000000,1.000000,0.000000,0.000000,240
3448,1.000000,308,76,0.098334,0.000000,0.000000,1.000000,0.000000,0.000000,0.000000,0.000000,1.000000,0.000000,0.000000,241
3452,1.000000,308,76,0.088203,0.000000,0.000000,1.000000,0.000000,0.000000,0.000000,0.000000,1.000000,0.000000,0.000000,241
3456,1.000000,308,76,0.078819,0.000000,0.000000,1.000000,0.000000,0.000000,0.000000,0.000000,1.000000,0.000000,0.000000,242
3460,1.000000,308,76,0.070142,0.000000,0.000000,1.000000,0.000000,0.000000,0.000000,0.000000,1.000000,0.000000,0.000000,242
3464,1.000000,308,76,0.062131,0.000000,0.000000,1.000000,0.000000,0.000000,0.000000,0.000000,1.000000,0.000000,0.000000,243
3468,1.000000,308,76,0.054752,0.000000,0.000000,1.000000,0.000000,0.000000,0.000000,0.000000,1.000000,0.000000,0.000000,243
3472,1.000000,308,76,0.047968,0.000000,0.000000,1.000000,0.000000,0.000000,0.000000,0.000000,1.000000,0.000000,0.000000,244
3476,1.000000,308,76,0.041750,0.000000,0.000000,1.000000,0.000000,0.000000,0.000000,0.000000,1.000000,0.000000,0.000000,244
3480,1.000000,308,76,0.036067,0.000000,0.000000,1.000000,0.000000,0.000000,0.000000,0.000000,1.000000,0.000000,0.000000,245
3484,1.000000,308,76,0.030891,0.000000,0.000000,1.000000,0.000000,0.000000,0.000000,0.000000,1.000000,0.000000,0.000000,245
3488,1.000000,308,76,0.026197,0.000000,0.000000,1.000000,0.000000,0.000000,0.000000,0.000000,1.000000,0.000000,0.000000,246
3492,1.000000,308,76,0.021962,0.000000,0.000000,1.000000,0.000000,0.000000,0.000000,0.000000,1.000000,0.000000,0.000000,246
3496,1.000000,308,76,0.018162,0.000000,0.000000,1.000000,0.000000,0.000000,0.000000,0.000000,1.000000,0.000000,0.000000,247
3500,1.000000,308,76,0.014776,0.000000,0.000000,1.000000,0.000000,0.000000,0.000000,0.000000,1.000000,0.000000,0.000000,247
3504,1.000000,308,76,0.011786,0.000000,0.000000,1.000000,0.000000,0.000000,0.000000,0.000000,1.000000,0.000000,0.000000,248
3508,1.000000,308,76,0.009173,0.000000,0.000000,1.000000,0.000000,0.000000,0.000000,0.000000,1.000000,0.000000,0.000000,248
3512,1.000000,308,76,0.006919,0.000000,0.000000,1.000000,0.000000,0.000000,0.000000,0.000000,1.000000,0.000000,0.000000,249
3516,1.000000,308,76,0.005010,0.000000,0.000000,1.000000,0.000000,0.000000,0.000000,0.000000,1.000000,0.000000,0.000000,249
3520,1.000000,308,76,0.003430,0.000000,0.000000,1.000000,0.000000,0.000000,0.000000,0.000000,1.000000,0.000000,0.000000,250
3524,1.000000,308,76,0.002164,0.000000,0.000000,1.000000,0.000000,0.000000,0.000000,0.000000,1.000000,0.000000,0.000000,250
3528,1.000000,308,76,0.001201,0.000000,0.000000,1.000000,0.000000,0.000000,0.000000,0.000000,1.000000,0.000000,0.000000,251
3532,1.000000,308,76,0.000526,0.000000,0.000000,1.000000,0.000000,0.000000,0.000000,0.000000,1.000000,0.000000,0.000000,251
3536,1.000000,308,76,0.000130,0.000000,0.000000,1.000000,0.000000,0.000000,0.000000,0.000000,1.000000,0.000000,0.000000,252
3540,1.000000,308,76,0.000000,0.000000,0.000000,1.000000,0.000000,0.000000,0.000000,0.000000,1.000000,0.000000,0.000000,252
3544,1.000000,308,76,0.000000,0.000000,0.000000,0.966667,0.000000,0.000000,0.000000,0.000000,1.000000,0.000000,0.000000,253
3548,1.000000,308,76,0.000000,0.000000,0.000000,0.933333,0.000000,0.000000,0.000000,0.000000,1.000000,0.000000,0.000000,0
3552,1.000000,308,76,0.000000,0.000000,0.000000,0.900000,0.000000,0.000000,0.000000,0.000000,1.000000,0.000000,0.000000,0
3556,1.000000,308,76,0.000000,0.000000,0.000000,0.866667,0.000000,0.000000,0.000000,0.000000,1.000000,0.000000,0.000000,0
3560,1.000000,308,76,0.000000,0.000000,0.000000,0.833333,0.000000,0.000000,0.000000,0.000000,1.000000,0.000000,0.000000,0
3564,1.000000,308,76,0.000000,0.000000,0.000000,0.800000,0.000000,0.000000,0.000000,0.000000,1.000000,0.000000,0.000000,0
3568,1.000000,308,76,0.000000,0.000000,0.000000,0.766667,0.000000,0.000000,0.000000,0.000000,1.000000,0.000000,0.000000,0
3572,1.000000,308,76,0.000000,0.000000,0.000000,0.733333,0.000000,0.000000,0.000000,0.000000,1.000000,0.000000,0.000000,0
3576,1.000000,308,76,0.000000,0.000000,0.000000,0.700000,0.000000,0.000000,0.000000,0.000000,1.000000,0.000000,0.000000,0
3580,1.000000,308,76,0.000000,0.000000,0.000000,0.666667,0.000000,0.000000,0.000000,0.000000,1.000000,0.000000,0.000000,0
3584,1.000000,308,76,0.000000,0.000000,0.000000,0.633333,0.000000,0.000000,0.000000,0.000000,1.000000,0.000000,0.000000,0
3588,1.000000,308,76,0.000000,0.000000,0.000000,0.600000,0.000000,0.000000,0.000000,0.000000,1.000000,0.000000,0.000000,0
3592,1.000000,308,76,0.000000,0.000000,0.000000,0.566667,0.000000,0.000000,0.000000,0.000000,1.000000,0.000000,0.000000,0
3596,1.000000,308,76,0.000000,0.000000,0.000000,0.533333,0.000000,0.000000,0.000000,0.000000,1.000000,0.000000,0.000000,0
3600,1.000000,308,76,0.000000,0.000000,0.000000,0.500000,0.000000,0.000000,0.000000,0.000000,1.000000,0.000000,0.000000,0
3604,1.000000,308,76,0.000000,0.000000,0.000000,0.466667,0.000000,0.000000,0.000000,0.000000,1.000000,0.000000,0.000000,0
3608,1.000000,308,76,0.000000,0.000000,0.000000,0.433333,0.000000,0.000000,0.000000,0.000000,1.000000,0.000000,0.000000,0
3612,1.000000,308,76,0.000000,0.000000,0.000000,0.400000,0.000000,0.000000,0.000000,0.000000,1.000000,0.000000,0.000000,0
3616,1.000000,308,76,0.000000,0.000000,0.000000,0.366667,0.000000,0.000000,0.000000,0.000000,1.000000,0.000000,0.000000,0
3620,1.000000,308,76,0.000000,0.000000,0.000000,0.333333,0.000000,0.000000,0.000000,0.000000,1.000000,0.000000,0.000000,0
3624,1.000000,308,76,0.000000,0.000000,0.000000,0.300000,0.000000,0.000000,0.000000,0.000000,1.000000,0.000000,0.000000,0
3628,1.000000,308,76,0.000000,0.000000,0.000000,0.266667,0.000000,0.000000,0.000000,0.000000,1.000000,0.000000,0.000000,0
3632,1.000000,308,76,0.000000,0.000000,0.000000,0.233333,0.000000,0.020000,0.000000,0.000000,1.000000,0.000000,0.000000,0
3636,1.000000,308,76,0.000000,0.000000,0.000000,0.200000,0.000000,0.060000,0.000000,0.000000,1.000000,0.000000,0.000000,0
3640,1.000000,308,76,0.000000,0.000000,0.000000,0.166667,0.000000,0.100000,0.000000,0.000000,1.000000,0.000000,0.000000,0
3644,1.000000,308,75,0.000000,0.000000,0.000000,0.133333,0.000000,0.140000,0.000000,0.000000,1.000000,0.000000,0.000000,0
3648,1.000000,308,75,0.000000,0.000000,0.000000,0.100000,0.000000,0.180000,0.000000,0.000000,1.000000,0.000000,0.000000,0
3652,1.000000,308,74,0.000000,0.000000,0.000000,0.066667,0.000000,0.220000,0.000000,0.000000,1.000000,0.000000,0.000000,0
3656,1.000000,308,73,0.000000,0.000000,0.000000,0.033333,0.000000,0.260000,0.000000,0.000000,1.000000,0.000000,0.000000,0
3660,1.000000,308,72,0.000000,0.000000,0.000000,0.000000,0.000000,0.300000,0.000000,0.000000,1.000000,0.000000,0.000000,0
3664,1.000000,308,71,0.000000,0.000000,0.000000,0.000000,0.000000,0.340000,0.000000,0.000000,1.000000,0.000000,0.000000,0
3668,1.000000,308,70,0.000000,0.000000,0.000000,0.000000,0.000000,0.380000,0.000000,0.000000,1.000000,0.000000,0.000000,0
3672,1.000000,308,68,0.000000,0.000000,0.000000,0.000000,0.000000,0.420000,0.000000,0.000000,1.000000,0.000000,0.000000,0
3676,1.000000,308,66,0.000000,0.000000,0.000000,0.000000,0.000000,0.460000,0.000000,0.000000,1.000000,0.000000,0.000000,0
3680,1.000000,308,64,0.000000,0.000000,0.000000,0.000000,0.000000,0.500000,0.000000,0.000000,1.000000,0.000000,0.000000,0
3684,1.000000,308,61,0.000000,0.000000,0.000000,0.000000,0.000000,0.540000,0.000000,0.000000,1.000000,0.000000,0.000000,0
3688,1.000000,308,58,0.000000,0.000000,0.000000,0.000000,0.000000,0.580000,0.000000,0.000000,1.000000,0.000000,0.000000,0
3692,1.000000,308,54,0.000000,0.000000,0.000000,0.000000,0.000000,0.620000,0.000000,0.000000,1.000000,0.000000,0.000000,0
3696,1.000000,308,51,0.000000,0.000000,0.000000,0.000000,0.000000,0.660000,0.000000,0.000000,1.000000,0.000000,0.000000,0
3700,1.000000,308,47,0.000000,0.000000,0.000000,0.000000,0.000000,0.700000,0.000000,0.000000,1.000000,0.000000,0.000000,0
3704,1.000000,308,43,0.000000,0.000000,0.000000,0.000000,0.000000,0.740000,0.000000,0.000000,1.000000,0.000000,0.000000,0
3708,1.000000,308,40,0.000000,0.000000,0.000000,0.000000,0.000000,0.780000,0.000000,0.000000,1.000000,0.000000,0.000000,0
3712,1.000000,308,36,0.000000,0.000000,0.000000,0.000000,0.000000,0.820000,0.000000,0.000000,1.000000,0.000000,0.000000,0
3716,1.000000,308,33,0.000000,0.000000,0.000000,0.000000,0.000000,0.860000,0.000000,0.000000,1.000000,0.000000,0.000000,0
3720,1.000000,308,30,0.000000,0.000000,0.000000,0.000000,0.000000,0.900000,0.000000,0.000000,1.000000,0.000000,0.000000,0
3724,1.000000,308,27,0.000000,0.000000,0.000000,0.000000,0.000000,0.940000,0.000000,0.000000,1.000000,0.000000,0.000000,0
3728,1.000000,308,25,0.000000,0.000000,0.000000,0.000000,0.000000,0.980000,0.000000,0.000000,1.000000,0.000000,0.000000,0
3732,1.000000,308,22,0.000000,0.000000,0.000000,0.000000,0.000000,1.000000,0.000000,0.000000,1.000000,0.000000,0.000000,0
3736,1.000000,308,20,0.000000,0.000000,0.000000,0.000000,0.000000,1.000000,0.000000,0.000000,1.000000,0.000000,0.000000,0
3740,1.000000,308,18,0.000000,0.000000,0.000000,0.000000,0.000000,1.000000,0.000000,0.000000,1.000000,0.000000,0.000000,0
3744,1.000000,308,17,0.000000,0.000000,0.000000,0.000000,0.000000,1.000000,0.000000,0.000000,1.000000,0.000000,0.000000,0
3748,1.000000,308,15,0.000000,0.000000,0.000000,0.000000,0.000000,1.000000,0.000000,0.000000,1.000000,0.000000,0.000000,0
3752,1.000000,308,14,0.000000,0.000000,0.000000,0.000000,0.000000,1.000000,0.000000,0.000000,1.000000,0.000000,0.000000,0
3756,1.000000,308,13,0.000000,0.000000,0.000000,0.000000,0.000000,1.000000,0.000000,0.000000,1.000000,0.000000,0.000000,0
3760,1.000000,308,12,0.000000,0.000000,0.000000,0.000000,0.000000,1.000000,0.000000,0.000000,1.000000,0.000000,0.000000,0
3764,1.000000,308,11,0.000000,0.000000,0.000000,0.000000,0.000000,1.000000,0.000000,0.000000,1.000000,0.000000,0.000000,0
3768,1.000000,308,10,0.000000,0.000000,0.000000,0.000000,0.000000,1.000000,0.000000,0.000000,1.000000,0.000000,0.000000,0
3772,1.000000,308,9,0.000000,0.000000,0.000000,0.000000,0.000000,1.000000,0.000000,0.000000,1.000000,0.000000,0.000000,0
3776,1.000000,308,8,0.000000,0.000000,0.000000,0.000000,0.000000,1.000000,0.000000,0.000000,1.000000,0.000000,0.000000,0
3780,1.000000,308,7,0.000000,0.000000,0.000000,0.000000,0.000000,1.000000,0.000000,0.000000,1.000000,0.000000,0.000000,0
3784,1.000000,308,7,0.000000,0.000000,0.000000,0.000000,0.000000,1.000000,0.000000,0.000000,1.000000,0.000000,0.000000,0
3788,1.000000,308,6,0.000000,0.000000,0.000000,0.000000,0.000000,1.000000,0.000000,0.000000,1.000000,0.000000,0.000000,0
3792,1.000000,308,6,0.000000,0.000000,0.000000,0.000000,0.000000,1.000000,0.000000,0.000000,1.000000,0.000000,0.000000,0
3796,1.000000,308,5,0.000000,0.000000,0.000000,0.000000,0.000000,1.000000,0.000000,0.000000,1.000000,0.000000,0.000000,0
3800,1.000000,308,5,0.000000,0.000000,0.000000,0.000000,0.000000,1.000000,0.000000,0.000000,1.000000,0.000000,0.000000,0
3804,1.000000,308,5,0.000000,0.000000,0.000000,0.000000,0.000000,1.000000,0.000000,0.000000,1.000000,0.000000,0.000000,0
3808,1.000000,308,5,0.000000,0.000000,0.000000,0.000000,0.000000,1.000000,0.000000,0.000000,1.000000,0.000000,0.000000,0
3812,1.000000,308,4,0.000000,0.000000,0.000000,0.000000,0.000000,1.000000,0.000000,0.000000,1.000000,0.000000,0.000000,0
3816,1.000000,308,4,0.000000,0.000000,0.000000,0.000000,0.000000,1.000000,0.000000,0.000000,1.000000,0.000000,0.000000,0
3820,1.000000,308,4,0.000000,0.000000,0.000000,0.000000,0.000000,1.000000,0.000000,0.000000,1.000000,0.000000,0.000000,0
3824,1.000000,308,4,0.000000,0.000000,0.000000,0.000000,0.000000,1.000000,0.000000,0.000000,1.000000,0.000000,0.000000,0
3828,1.000000,308,4,0.000000,0.000000,0.000000,0.000000,0.000000,1.000000,0.000000,0.000000,1.000000,0.000000,0.000000,0
3832,1.000000,308,4,0.000000,0.000000,0.000000,0.000000,0.000000,1.000000,0.000000,0.000000,1.000000,0.000000,0.000000,0
3836,1.000000,308,4,0.000000,0.000000,0.000000,0.000000,0.000000,1.000000,0.000000,0.000000,1.000000,0.000000,0.000000,0
3840,1.000000,308,4,0.000000,0.000000,0.000000,0.000000,0.000000,1.000000,0.000000,0.000000,1.000000,0.000000,0.000000,0
3844,1.000000,308,4,0.000000,0.000000,0.000000,0.000000,0.000000,1.000000,0.000000,0.000000,1.000000,0.000000,0.000000,0
3848,1.000000,308,4,0.000000,0.000000,0.000000,0.000000,0.000000,1.000000,0.000000,0.000000,1.000000,0.000000,0.000000,0
3852,1.000000,308,4,0.000000,0.000000,0.000000,0.000000,0.000000,1.000000,0.000000,0.000000,1.000000,0.000000,0.000000,0
3856,1.000000,308,4,0.000000,0.000000,0.000000,0.000000,0.000000,1.000000,0.000000,0.000000,1.000000,0.000000,0.000000,0
3860,1.000000,308,4,0.000000,0.000000,0.000000,0.000000,0.000000,1.000000,0.000000,0.000000,1.000000,0.000000,0.000000,0
3864,1.000000,308,4,0.000000,0.000000,0.000000,0.000000,0.000000,1.000000,0.000000,0.000000,1.000000,0.000000,0.000000,0
3868,1.000000,308,4,0.000000,0.000000,0.000000,0.000000,0.000000,1.000000,0.000000,0.000000,1.000000,0.000000,0.000000,0
3872,1.000000,308,4,0.000000,0.000000,0.000000,0.000000,0.000000,1.000000,0.000000,0.000000,1.000000,0.000000,0.000000,0
3876,1.000000,308,4,0.000000,0.000000,0.000000,0.000000,0.000000,1.000000,0.000000,0.000000,1.000000,0.000000,0.000000,0
3880,1.000000,308,4,0.000000,0.000000,0.000000,0.000000,0.000000,1.000000,0.000000,0.000000,1.000000,0.000000,0.000000,0
3884,1.000000,308,4,0.000000,0.000000,0.000000,0.000000,0.000000,1.000000,0.000000,0.000000,1.000000,0.000000,0.000000,0
3888,1.000000,308,4,0.000000,0.000000,0.000000,0.000000,0.000000,1.000000,0.000000,0.000000,1.000000,0.000000,0.000000,0
3892,1.000000,308,4,0.000000,0.000000,0.000000,0.000000,0.000000,1.000000,0.000000,0.000000,1.000000,0.000000,0.000000,0
3896,1.000000,308,4,0.000000,0.000000,0.000000,0.000000,0.000000,1.000000,0.000000,0.000000,1.000000,0.000000,0.000000,0
3900,1.000000,308,4,0.000000,0.000000,0.000000,0.000000,0.000000,1.000000,0.000000,0.000000,1.000000,0.000000,0.000000,0
3904,1.000000,308,4,0.000000,0.000000,0.000000,0.000000,0.000000,1.000000,0.000000,0.000000,1.000000,0.000000,0.000000,0
3908,1.000000,308,4,0.000000,0.000000,0.000000,0.000000,0.000000,1.000000,0.000000,0.000000,1.000000,0.000000,0.000000,0
3912,1.000000,307,4,0.000000,0.000000,0.000000,0.000000,0.000000,1.000000,0.000000,0.000000,1.000000,0.000000,0.000000,0
3916,1.000000,307,4,0.000000,0.000000,0.000000,0.000000,0.000000,1.000000,0.000000,0.000000,1.000000,0.000000,0.000000,0
3920,1.000000,306,4,0.000000,0.000000,0.000000,0.000000,0.000000,1.000000,0.000000,0.000000,1.000000,0.000000,0.000000,0
3924,1.000000,305,4,0.000000,0.000000,0.000000,0.000000,0.000000,1.000000,0.000000,0.000000,1.000000,0.000000,0.000000,0
3928,1.000000,304,4,0.000000,0.000000,0.000000,0.000000,0.000000,1.000000,0.000000,0.000000,1.000000,0.000000,0.000000,0
3932,1.000000,302,4,0.000000,0.000000,0.000000,0.000000,0.000000,1.000000,0.000000,0.000000,1.000000,0.000000,0.000000,0
3936,1.000000,301,4,0.000000,0.000000,0.000000,0.000000,0.000000,1.000000,0.000000,0.000000,1.000000,0.000000,0.000000,0
3940,1.000000,299,4,0.000000,0.000000,0.000000,0.000000,0.000000,1.000000,0.000000,0.000000,1.000000,0.000000,0.000000,0
3944,1.000000,297,4,0.000000,0.000000,0.000000,0.000000,0.000000,1.000000,0.000000,0.000000,1.000000,0.000000,0.000000,0
3948,1.000000,295,4,0.000000,0.000000,0.000000,0.000000,0.000000,1.000000,0.000000,0.000000,1.000000,0.000000,0.000000,0
3952,1.000000,293,4,0.000000,0.000000,0.000000,0.000000,0.000000,1.000000,0.000000,0.000000,1.000000,0.000000,0.000000,0
3956,1.000000,290,4,0.000000,0.000000,0.000000,0.000000,0.000000,1.000000,0.000000,0.000000,1.000000,0.000000,0.000000,0
3960,1.000000,288,4,0.000000,0.000000,0.000000,0.000000,0.000000,1.000000,0.000000,0.000000,1.000000,0.000000,0.000000,0
3964,1.000000,285,4,0.000000,0.000000,0.000000,0.000000,0.000000,1.000000,0.000000,0.000000,1.000000,0.000000,0.000000,0
3968,1.000000,282,4,0.000000,0.000000,0.000000,0.000000,0.000000,1.000000,0.000000,0.000000,1.000000,0.000000,0.000000,0
3972,1.000000,278,4,0.000000,0.000000,0.000000,0.000000,0.000000,1.000000,0.000000,0.000000,1.000000,0.000000,0.000000,0
3976,1.000000,274,4,0.000000,0.000000,0.000000,0.000000,0.000000,1.000000,0.000000,0.000000,1.000000,0.000000,0.000000,0
3980,1.000000,271,4,0.000000,0.000000,0.000000,0.000000,0.000000,1.000000,0.000000,0.000000,1.000000,0.000000,0.000000,0
3984,1.000000,267,4,0.000000,0.000000,0.000000,0.000000,0.000000,1.000000,0.000000,0.000000,1.000000,0.000000,0.000000,0
3988,1.000000,262,4,0.000000,0.000000,0.000000,0.000000,0.000000,1.000000,0.000000,0.000000,1.000000,0.000000,0.000000,0
3992,1.000000,258,4,0.000000,0.000000,0.000000,0.000000,0.000000,1.000000,0.000000,0.000000,1.000000,0.000000,0.000000,0
3996,1.000000,253,4,0.000000,0.000000,0.000000,0.000000,0.000000,1.000000,0.000000,0.000000,1.000000,0.000000,0.000000,0
4000,1.000000,248,4,0.000000,0.000000,0.000000,0.000000,0.000000,1.000000,0.000000,0.000000,1.000000,0.000000,0.000000,0
4004,1.000000,242,4,0.000000,0.000000,0.000000,0.000000,0.000000,1.000000,0.000000,0.000000,1.000000,0.000000,0.000000,0
4008,1.000000,237,4,0.000000,0.000000,0.000000,0.000000,0.000000,1.000000,0.000000,0.000000,1.000000,0.000000,0.000000,0
4012,1.000000,231,4,0.000000,0.000000,0.000000,0.000000,0.000000,1.000000,0.000000,0.000000,1.000000,0.000000,0.000000,0
4016,1.000000,225,4,0.000000,0.000000,0.000000,0.000000,0.000000,1.000000,0.000000,0.000000,1.000000,0.000000,0.000000,0
4020,1.000000,218,4,0.000000,0.000000,0.000000,0.000000,0.000000,1.000000,0.000000,0.000000,1.000000,0.000000,0.000000,0
4024,1.000000,212,4,0.000000,0.000000,0.000000,0.000000,0.000000,1.000000,0.000000,0.000000,1.000000,0.000000,0.000000,0
4028,1.000000,205,4,0.000000,0.000000,0.000000,0.000000,0.000000,1.000000,0.000000,0.000000,1.000000,0.000000,0.000000,0
4032,1.000000,198,4,0.000000,0.000000,0.000000,0.000000,0.000000,1.000000,0.000000,0.000000,1.000000,0.000000,0.000000,0
4036,1.000000,190,4,0.000000,0.000000,0.000000,0.000000,0.000000,1.000000,0.000000,0.000000,1.000000,0.000000,0.000000,0
4040,1.000000,183,4,0.000000,0.000000,0.000000,0.000000,0.000000,1.000000,0.000000,0.000000,1.000000,0.000000,0.000000,0
4044,1.000000,175,4,0.000000,0.000000,0.000000,0.000000,0.000000,1.000000,0.000000,0.000000,1.000000,0.000000,0.000000,0
4048,1.000000,167,4,0.000000,0.000000,0.000000,0.000000,0.000000,1.000000,0.000000,0.000000,1.000000,0.000000,0.000000,0
4052,1.000000,158,4,0.000000,0.000000,0.000000,0.000000,0.000000,1.000000,0.000000,0.000000,1.000000,0.000000,0.000000,0
4056,1.000000,150,4,0.000000,0.000000,0.000000,0.000000,0.000000,1.000000,0.000000,0.000000,1.000000,0.000000,0.000000,0
4060,1.000000,141,4,0.000000,0.000000,0.000000,0.000000,0.000000,1.000000,0.000000,0.000000,1.000000,0.000000,0.000000,0
4064,1.000000,132,4,0.000000,0.000000,0.000000,0.000000,0.000000,1.000000,0.000000,0.000000,1.000000,0.000000,0.000000,0
4068,1.000000,123,4,0.000000,0.000000,0.000000,0.000000,0.000000,1.000000,0.000000,0.000000,1.000000,0.000000,0.000000,0
4072,1.000000,114,4,0.000000,0.000000,0.000000,0.000000,0.000000,1.000000,0.000000,0.000000,1.000000,0.000000,0.000000,0
4076,1.000000,105,4,0.000000,0.000000,0.000000,0.000000,0.000000,1.000000,0.000000,0.000000,1.000000,0.000000,0.000000,0
4080,1.000000,95,4,0.000000,0.000000,0.000000,0.000000,0.000000,1.000000,0.000000,0.000000,1.000000,0.000000,0.000000,0
4084,1.000000,86,4,0.000000,0.000000,0.000000,0.000000,0.000000,1.000000,0.000000,0.000000,1.000000,0.000000,0.000000,0
4088,1.000000,76,4,0.000000,0.000000,0.000000,0.000000,0.000000,1.000000,0.000000,0.000000,1.000000,0.000000,0.000000,0
4092,1.000000,66,4,0.000000,0.000000,0.000000,0.000000,0.000000,1.000000,0.000000,0.000000,1.000000,0.000000,0.000000,0
4096,1.000000,57,4,0.000000,0.000000,0.000000,0.000000,0.000000,1.000000,0.000000,0.000000,1.000000,0.000000,0.000000,0
4100,1.000000,47,4,0.000000,0.000000,0.000000,0.000000,0.000000,1.000000,0.000000,0.000000,1.000000,0.000000,0.000000,0
4104,1.000000,37,4,0.000000,0.000000,0.000000,0.000000,0.000000,1.000000,0.000000,0.000000,1.000000,0.000000,0.000000,0
4108,1.000000,28,4,0.000000,0.000000,0.000000,0.000000,0.000000,1.000000,0.000000,0.000000,1.000000,0.000000,0.000000,0
4112,1.000000,18,4,0.000000,0.000000,0.000000,0.000000,0.000000,1.000000,0.000000,0.000000,1.000000,0.000000,0.000000,0
4116,1.000000,9,4,0.000000,0.000000,0.000000,0.000000,0.000000,1.000000,0.000000,0.000000,1.000000,0.000000,0.000000,0
